
--City

INSERT INTO Study4U_City VALUES
('AK01', 'Anchorage', 'AK', 43, 30, 95.59, 1090, null, null),
('AK02', 'Aubum', 'AL', null, null, null, null, null, null),
('AK03', 'Auburn', 'AL', null, null, null, 860, null, null),
('AK04', 'Birmingham', 'AL', 65, 45, 74.15, 920, null, null),
('AK05', 'Huntsville', 'AL', 80, 60, 63.87, 760, null, null),
('AK06', 'Mobile', 'AL', 55, 37, 65.43, 930, null, null),
('AR01', 'Fayetteville', 'AR', 59, 42, 75.21, 750, null, null),
('AR02', 'Little Rock', 'AR', 80, 59, 71.53, 860, null, null),
('AZ01', 'Glendale', 'AZ', null, null, null, null, null, null),
('AZ02', 'Mesa', 'AZ', 73, 54, 68.03, 1050, null, null),
('AZ03', 'Phoenix', 'AZ', 65, 47, 67.49, 1020, 64, 2),
('AZ04', 'Tempe', 'AZ', null, null, null, null, null, null),
('AZ05', 'Tucson', 'AZ', 82, 65, 62.2, 920, 42, 1.5),
('CA01', 'Bakersfield', 'CA', 80, 59, 69.26, 930, null, null),
('CA02', 'Berkeley', 'CA', 65, 45, 88.27, 2550, 75, 2.1),
('CA03', 'Claremont', 'CA', null, null, null, null, null, null),
('CA04', 'Davis', 'CA', null, null, null, null, null, null),
('CA05', 'Fresno', 'CA', 59, 42, 72.62, 1010, null, 1.25),
('CA06', 'Irvine', 'CA', 63, 44, 83.71, 2710, null, null),
('CA07', 'Long Beach', 'CA', null, null, null, null, null, null),
('CA08', 'Los Angeles', 'CA', 80, 59, 81.52, 1730, 100, 1.75),
('CA09', 'Malibu', 'CA', null, null, null, null, null, null),
('CA10', 'Oakland', 'CA', 62, 48, 85.04, 2210, 75, 2.1),
('CA11', 'Orange', 'CA', null, null, null, null, null, null),
('CA12', 'Pasadena', 'CA', null, null, null, null, null, null),
('CA13', 'Riverside', 'CA', null, null, null, null, null, null),
('CA14', 'Sacramento', 'CA', 57, 39, 78.96, 1190, 110, 2.75),
('CA15', 'San Diego', 'CA', 80, 59, 75.73, 2010, 72, 2.5),
('CA16', 'San Francisco', 'CA', 70, 58, 95.84, 3070, 73, 2.25),
('CA17', 'San Jose', 'CA', 64, 51, 81.57, 2570, 70, 2),
('CA18', 'Santa Barbara', 'CA', 71, 50, 78.65, null, null, 1.75),
('CA19', 'Santa Clara', 'CA', null, null, null, null, null, null),
('CA20', 'Santa Cruz', 'CA', null, null, null, null, null, null),
('CA21', 'Santa Rosa', 'CA', 71, 50, 89.67, 1910, null, 1.31),
('CA22', 'Stanford', 'CA', null, null, null, null, null, null),
('CO01', 'Boulder', 'CO', 59, 44, 80.8, 1420, null, 2.67),
('CO02', 'Colorado Springs', 'CO', 60, 43, 72.98, 1220, null, null),
('CO03', 'Denver', 'CO', 77, 57, 77.81, 1330, 99, 2.6),
('CO04', 'Fort Collins', 'CO', 59, 42, 75.28, 1130, null, null),
('CT01', 'Hartford', 'CT', 59, 42, 80.27, 1030, null, null),
('CT02', 'New Haven', 'CT', 70, 49, 84.59, 1320, null, null),
('CT03', 'Storrs', 'CT', null, null, null, null, null, null),
('CT04', 'Fairfield', 'CT', null, null, null, null, null, null),
('DC01', 'Washington', 'DC', 68, 52, 91.22, 1540, 212.5, 3),
('DE01', 'Newark', 'DE', null, null, null, null, null, null),
('FL01', 'Coral Gables', 'FL', null, null, null, null, null, null),
('FL02', 'Fort Lauderdale', 'FL', 59, 42, 78.96, 1450, null, null),
('FL03', 'Fort Myers', 'FL', 59, 42, 68.3, 1050, null, null),
('FL04', 'Gainesville', 'FL', null, null, null, null, null, null),
('FL05', 'Jacksonville', 'FL', 63, 44, 74.42, 1050, 50, 1.5),
('FL06', 'Melbourne', 'FL', 68, 49, 77.06, 1180, null, null),
('FL07', 'Miami', 'FL', 73, 54, 86.13, 1350, 112.5, 2.25),
('FL08', 'Orlando', 'FL', 72, 51, 76.86, 1220, 50, 2),
('FL09', 'Pensacola', 'FL', 83, 63, 64.6, 1010, null, null),
('FL10', 'Saint Petersburg', 'FL', 74, 48, 70.98, null, null, null),
('FL11', 'Tallahassee', 'FL', 66, 48, 73.43, 990, null, null),
('FL12', 'Tampa', 'FL', 66, 48, 76.04, 1230, 60, 2),
('FL13', 'West Palm Beach', 'FL', 67, 50, 77.08, 1340, null, null),
('GA01', 'Athens', 'GA', 73, 51, 59.04, 870, null, null),
('GA02', 'Atlanta', 'GA', 71, 53, 75.47, 1170, 95, 2.5),
('GA03', 'Augusta', 'GA', 76, 50, 74.02, 760, null, null),
('GA04', 'Milledgeville', 'GA', null, null, null, null, null, null),
('GA05', 'Morrow', 'GA', null, null, null, null, null, null),
('HI01', 'Honolulu', 'HI', 61, 40, 95.54, 2100, 60, 2.5),
('IA01', 'Ames', 'IA', null, null, null, null, null, null),
('IA02', 'Des Moines', 'IA', 64, 36, 68.27, 810, null, null),
('IA03', 'Iowa City', 'IA', null, null, null, null, null, null),
('ID01', 'Boise', 'ID', 74, 53, 61.92, 900, null, 1),
('IL01', 'Champaign', 'IL', null, null, null, null, null, null),
('IL02', 'Chicago', 'IL', 71, 49, 80.09, 1270, 100, 2.25),
('IL03', 'Evaston', 'IL', null, null, null, null, null, null),
('IL04', 'Lisle', 'IL', null, null, null, null, null, null),
('IN01', 'Bloomington', 'IN', null, null, null, null, null, null),
('IN02', 'Fort Wayne', 'IN', 59, 42, 67.81, 750, null, null),
('IN03', 'Indianapolis', 'IN', 80, 60, 74.96, 850, 50, 1.88),
('IN04', 'Notre Dame', 'IN', null, null, null, null, null, null),
('IN05', 'West Lafayette', 'IN', null, null, null, null, null, null),
('KS01', 'Lawrence', 'KS', null, null, null, null, null, null),
('KS02', 'Overland Park', 'KS', 83, 63, 71.48, 1150, null, null),
('KS03', 'Wichita', 'KS', 67, 50, 66.98, 740, null, null),
('KY01', 'Highland Heights', 'KY', null, null, null, null, null, null),
('KY02', 'Lexington', 'KY', 80, 59, 69.68, 850, null, null),
('KY03', 'Louisville', 'KY', 75, 56, 63.93, 840, null, 1.5),
('LA01', 'Baton Rouge', 'LA', null, null, null, 910, null, null),
('LA02', 'Baton', 'LA', null, null, null, null, null, null),
('LA03', 'New Orleans', 'LA', 70, 49, 76.19, 980, 55, 1.25),
('LA04', 'Shreveport', 'LA', 61, 46, 72.65, 860, null, null),
('MA01', 'Amherst', 'MA', null, null, null, null, null, null),
('MA02', 'Babson Park', 'MA', null, null, null, null, null, null),
('MA03', 'Boston', 'MA', 74, 53, 87.03, 2080, 80, 2.5),
('MA04', 'Cambridge', 'MA', null, null, null, null, null, null),
('MA05', 'Chestnut Hill', 'MA', null, null, null, null, null, null),
('MA06', 'Medford', 'MA', null, null, null, null, null, null),
('MA07', 'Waltham', 'MA', null, null, null, null, null, null),
('MA08', 'Worcester', 'MA', null, null, null, null, null, null),
('MD01', 'Baltimore', 'MD', 80, 59, 80.59, 1200, 68, 1.7),
('MD02', 'College Park', 'MD', null, null, null, 1760, null, null),
('MD03', 'Rockville', 'MD', 57, 39, 92.67, 1970, null, null),
('ME01', 'Portland', 'ME', 61, 42, 81.61, null, null, null),
('MI01', 'Ann Arbor', 'MI', 58, 40, 68.36, 1280, null, null),
('MI02', 'Dearborn', 'MI', null, null, null, null, null, null),
('MI03', 'Detroit', 'MI', 64, 36, 72.79, 890, null, 2),
('MI04', 'East Lansing', 'MI', null, null, null, null, null, null),
('MI05', 'Grand Rapids', 'MI', 59, 42, 72.22, 910, 41, 1.75),
('MN01', 'Minneapolis', 'MN', 56, 40, 80.83, 1130, 72.5, 2.25),
('MN02', 'Saint Paul', 'MN', 74, 48, 76.42, null, null, null),
('MO01', 'Columbia', 'MO', null, null, null, null, null, null),
('MO02', 'Kansas City', 'MO', 79, 58, 67.83, 900, 50, 1.5),
('MO03', 'Rolla', 'MO', null, null, null, null, null, null),
('MO04', 'Saint Louis', 'MO', 74, 48, 70.16, null, 77, 3),
('MO05', 'Springfield', 'MO', 61, 46, 62.12, 670, null, null),
('MO06', 'St. Louis', 'MO', null, null, null, null, null, null),
('NC01', 'Asheville', 'NC', 66, 46, 78.42, 1070, null, null),
('NC02', 'Boone', 'NC', null, null, null, null, null, null),
('NC03', 'Charlotte', 'NC', 56, 40, 74.83, 1110, 88, 2.2),
('NC04', 'Durham', 'NC', 59, 42, 68.83, 1070, null, null),
('NC05', 'Greensboro', 'NC', 59, 42, 74.2, 840, null, null),
('NC06', 'Raleigh', 'NC', 61, 43, 70.7, 1120, 40.5, null),
('NC07', 'Winston  null  Salem', 'NC', null, null, null, null, null, null),
('NC08', 'Winstonnullsalem', 'NC', 67, 50, 63.62, 790, null, null),
('NE01', 'Bellevue', 'NE', null, null, null, null, null, null),
('NE02', 'Lincoln', 'NE', 80, 59, 68.99, 850, null, null),
('NE03', 'Omaha', 'NE', 72, 51, 67.53, 940, null, null),
('NH01', 'Hanover', 'NH', null, null, null, null, null, null),
('NH02', 'Manchester', 'NH', 68, 49, 70.29, null, null, null),
('NJ01', 'Hoboken', 'NJ', null, null, null, null, null, null),
('NJ02', 'Jersey City', 'NJ', 79, 58, 78.48, 1870, 89, 2.7),
('NJ03', 'Newark', 'NJ', 62, 48, 73.25, 1380, null, null),
('NJ04', 'Princeton', 'NJ', null, null, null, null, null, null),
('NM01', 'Albuquerque', 'NM', 68, 45, 66.04, 870, 30, 1),
('NV01', 'Las Vegas', 'NV', 66, 48, 70.74, 1110, 65, 2.5),
('NV02', 'Reno', 'NV', 72, 50, 60.89, 1140, null, 2),
('NY01', 'Albany', 'NY', 57, 38, 79.24, 1090, 55, 1.75),
('NY02', 'Binghamton', 'NY', null, null, null, null, null, null),
('NY03', 'Brooklyn', 'NY', 59, 44, 93.53, null, 116.5, 2.75),
('NY04', 'Buffalo', 'NY', 59, 44, 72.2, 890, 75, 2),
('NY05', 'Hempstead', 'NY', null, null, null, null, null, null),
('NY06', 'Ithaca', 'NY', null, null, null, null, null, null),
('NY07', 'New York', 'NY', 78, 61, 100, 2490, 116.5, 2.75),
('NY08', 'Potsdam', 'NY', null, null, null, null, null, null),
('NY09', 'Queens', 'NY', 61, 43, 81.26, null, null, 2.75),
('NY10', 'Rochester', 'NY', 81, 53, 70.52, 940, 58, 1),
('NY11', 'Stony Brook', 'NY', null, null, null, null, null, null),
('NY12', 'Syracuse', 'NY', 66, 48, 72.23, 830, null, null),
('NY13', 'Troy', 'NY', null, null, null, null, null, null),
('NY14', 'Bronx', 'NY', null, null, null, null, null, null),
('OH01', 'Akron', 'OH', 60, 42, 72.96, null, null, null),
('OH02', 'Bowling Green', 'OH', null, null, null, null, null, null),
('OH03', 'Cincinnati', 'OH', 59, 41, 68.6, 840, 120, 2),
('OH04', 'Cleveland', 'OH', 65, 43, 72.78, 800, 90, 2.5),
('OH05', 'Columbus', 'OH', 60, 43, 68.24, 950, 62, 2),
('OH06', 'Dayton', 'OH', 77, 57, 71.02, 840, null, null),
('OH07', 'Fairborn', 'OH', null, null, null, null, null, null),
('OH08', 'Toledo', 'OH', 82, 65, 66.78, 770, null, null),
('OH09', 'Youngstown', 'OH', null, null, null, null, null, null),
('OK01', 'Norman', 'OK', null, null, null, null, null, null),
('OK02', 'Oklahoma City', 'OK', 62, 48, 63.63, 800, null, null),
('OK03', 'Tulsa', 'OK', 82, 65, 66.77, 830, null, null),
('OR01', 'Corvallis', 'OR', null, null, null, null, null, null),
('OR02', 'Eugene', 'OR', 59, 42, 76.54, 1080, null, null),
('OR03', 'Portland', 'OR', 61, 42, 78.2, 1350, 100, null),
('OR04', 'Salem', 'OR', 74, 48, 69.02, 1080, null, null),
('PA01', 'Clarion', 'PA', null, null, null, null, null, null),
('PA02', 'Harrisburg', 'PA', 59, 42, 68.79, 980, null, null),
('PA03', 'Philadelphia', 'PA', 83, 63, 83.66, 1160, 91, 2.25),
('PA04', 'Pittsburgh', 'PA', 87, 63, 81.5, 910, 97.5, 2.5),
('PA05', 'University Park', 'PA', null, null, null, null, null, null),
('PA06', 'Villanova', 'PA', null, null, null, null, null, null),
('RI01', 'Providence', 'RI', null, null, null, null, null, null),
('SC01', 'Charleston', 'SC', 56, 40, 86.85, 1100, null, null),
('SC02', 'Clemson', 'SC', null, null, null, null, null, null),
('SC03', 'Columbia', 'SC', 60, 43, 70.45, 970, null, 1.5),
('SC04', 'Conway', 'SC', null, null, null, null, null, null),
('SC05', 'Greenville', 'SC', 59, 42, 73.5, 830, null, null),
('SD01', 'Vermillion', 'SD', null, null, null, null, null, null),
('TN01', 'Chattanooga', 'TN', 71, 49, 68.74, 900, null, null),
('TN02', 'Knoxville', 'TN', 66, 48, 60.83, 920, null, null),
('TN03', 'Memphis', 'TN', 68, 49, 73.76, 820, null, null),
('TN04', 'Nashville', 'TN', 55, 37, 72.6, 1130, 84, 1.7),
('TX01', 'Arlington', 'TX', null, null, null, null, null, null),
('TX02', 'Austin', 'TX', 79, 59, 72.67, 1390, 41.25, 1.5),
('TX03', 'College Station', 'TX', 60, 43, 61.74, null, null, null),
('TX04', 'Dallas', 'TX', 63, 44, 65.35, 1100, 80, 2.5),
('TX05', 'Fort Worth', 'TX', 59, 42, 68.14, 1140, null, null),
('TX06', 'Houston', 'TX', 61, 40, 71.62, 1010, 48.62, 1.25),
('TX07', 'Lubbock', 'TX', 68, 49, 68.55, 830, null, null),
('TX08', 'Plano', 'TX', 61, 42, 74.72, 1420, null, null),
('TX09', 'Richardson', 'TX', null, null, null, null, null, null),
('TX10', 'San Antonio', 'TX', 64, 42, 60.87, 1050, 37, 1.3),
('TX11', 'Waco', 'TX', null, null, null, null, null, null),
('UT01', 'Logan', 'UT', null, null, null, null, null, null),
('UT02', 'Provo', 'UT', null, null, null, null, null, null),
('UT03', 'Salt Lake City', 'UT', 74, 48, 67.09, 1050, 83.75, 2.5),
('VA01', 'Arlington', 'VA', 66, 49, 88.16, 2030, null, null),
('VA02', 'Blacksburg', 'VA', null, null, null, null, null, null),
('VA03', 'Charlottesville', 'VA', null, null, null, null, null, null),
('VA04', 'Fairfax', 'VA', null, null, null, 2080, null, null),
('VA05', 'Norfolk', 'VA', 62, 48, 81.73, 950, null, null),
('VA06', 'Richmond', 'VA', 72, 50, 71.28, 1000, null, 1.62),
('VA07', 'Virginia Beach', 'VA', 82, 65, 69.85, 1290, null, null),
('VA08', 'Williamsburg', 'VA', null, null, null, null, null, null),
('VT01', 'Burlington', 'VT', 56, 40, 79.64, null, null, null),
('WA01', 'Bellevue', 'WA', 65, 45, 84.29, 2290, null, null),
('WA02', 'Bellingham', 'WA', 65, 45, 76.45, 1090, null, null),
('WA03', 'Everett', 'WA', 59, 42, 77.47, 1620, 43, 2.25),
('WA04', 'Olympia', 'WA', 72, 51, 78.15, 1190, null, null),
('WA05', 'Pullman', 'WA', null, null, null, null, null, null),
('WA06', 'Seattle', 'WA', 71, 50, 87.62, 1690, 99, 2.75),
('WA07', 'Spokane', 'WA', 61, 46, 68.26, 880, 40, 1.5),
('WA08', 'Tacoma', 'WA', 66, 48, 82.89, 1530, 64.5, 2.5),
('WA09', 'Vancouver', 'WA', 82, 65, 68.66, 1630, null, 2.25),
('WI01', 'Eau Claire', 'WI', null, null, null, null, null, null),
('WI02', 'Kenosha', 'WI', null, null, null, null, null, null),
('WI03', 'La Crosse', 'WI', null, null, null, null, null, null),
('WI04', 'Madison', 'WI', 68, 49, 66.36, 990, 58, 2),
('WI05', 'Milwaukee', 'WI', 84, 70, 74, 880, null, 2.25),
('WI06', 'Oshkosh', 'WI', null, null, null, null, null, null),
('WI07', 'River Falls', 'WI', null, null, null, null, null, null),
('WI08', 'Whitewater', 'WI', null, null, null, null, null, null)






--School

INSERT INTO Study4U_School VALUES
('SA004', 'Auburn University', '', 'AK02', 'Harbert', ''),
('SUA01', 'University of Alabama', '', 'AK05', 'Manderson', ''),
('SUA03', 'University of Arkansas-​Fayetteville', '', 'AR01', 'Walton', ''),
('ST009', 'Thunderbird School of Global Management', '', 'AZ01', '', ''),
('SA003', 'Arizona State University', '', 'AZ04', 'W. P. Carey School of Business', ''),
('SUA02', 'University of Arizona', '', 'AZ05', 'Eller College of Management', ''),
('SUS02', 'University of San Francisco', '', 'CA01', 'Masagung', ''),
('SUC02', 'University of California-​Berkeley', 'Public', 'CA02', 'Haas School of Business', 'XL'),
('SC008', 'Claremont Graduate University', '', 'CA03', '', ''),
('SUC03', 'University of California-Davis', 'Public', 'CA04', '', 'XL'),
('SUC01', 'University of California-​Irvine', 'Public', 'CA06', 'Merage', 'XL'),
('SC002', 'California State University - Long Beach', '', 'CA07', '', ''),
('SUC04', 'University of California-Los Angeles', 'Public', 'CA08', 'Anderson School of Management', 'XL'),
('SP002', 'Pepperdine University', '', 'CA09', 'Graziadio', ''),
('SS003', 'San Diego State University', 'Public', 'CA10', 'Fowler', 'XL'),
('SC006', 'Chapman University', '', 'CA11', 'Argyros', ''),  
('SC001', 'California Institute of Technology', 'Private', 'CA12', '', 'S'),
('SR003', 'Riverside University', '', 'CA13', 'UCR', ''),
('SUC05', 'University of California-Riverside', '', 'CA13', 'A. Gary Anderson Graduate School of Management', ''),
('SUC06', 'University of California-San Diego', 'Public', 'CA15', 'Rady School of Management', 'XL'),
('SUS01', 'University of San Diego', '', 'CA15', '', ''),
('SUC07', 'University of California-Santa Barbara', 'Public', 'CA18', '', 'XL'),
('SS004', 'Santa Clara University', '', 'CA19', 'Leavey', ''),
('SUC08', 'University of California-Santa Cruz', '', 'CA20', '', ''),
('SS008', 'Stanford University', 'Private', 'CA22', 'Graduate School of Business', 'L'),
('SUC12', 'University of Colorado-Boulder', '', 'CO01', 'Leeds School of Business', ''),
('SUC14', 'University of Colorado Boulder', '', 'CO01', '', ''),
('SUC13', 'University of Colorado-Denver', '', 'CO03', '', ''),
('SUD02', 'University of Denver', '', 'CO03', 'Daniels', ''),
('SY001', 'Yale University', '', 'CT02', '', ''),
('SUC15', 'University of Connecticut', '', 'CT03', '', ''),
('SC005', 'Catholic University of America', '', 'DC01', '', ''),
('SA001', 'American University', 'null', 'DC01', 'Kogod', 'null'),
('SG003', 'George Washington University', '', 'DC01', '', ''),
('SG004', 'Georgetown University', '', 'DC01', 'McDonough', ''),
('SH003', 'Howard University', '', 'DC01', '', ''),
('SUD01', 'University of Delaware', '', 'DE01', '', ''),
('SUM05', 'University of Miami', '', 'FL01', '', ''),
('SUF01', 'University of Florida', '', 'FL04', 'Hough', ''),
('SUC09', 'University of Central Florida', '', 'FL08', '', ''),
('SF002', 'Florida State University', '', 'FL11', '', ''),
('SUS04', 'University of South Florida', '', 'FL12', '', ''),
('SUG01', 'University of Georgia', '', 'GA01', 'Terry College of Business', ''),
('SM002', 'Mercer University-​Atlanta', '', 'GA02', '', ''),
('SG005', 'Georgia College & State University', '', 'GA04', '', ''),
('SC012', 'Clayton State University', '', 'GA05', '', ''),
('SH007', 'Iowa State University', '', 'IA01', 'College of Business', ''),
('SUI03', 'University of Iowa', '', 'IA03', '', ''),
('SUI02', 'University of Illinois-​Urbana-​Champaign', '', 'IL01', '', ''),
('SH004', 'Illinois Institute of Technology', '', 'IL02', '', ''),
('SUI01', 'University of Illinois-Chicago', '', 'IL02', 'Liautaud', ''),
('SN007', 'Northwestern University', '', 'IL03', 'Kellogg', ''),
('SB006', 'Benedictine University', '', 'IL04', '', ''),
('SH006', 'Indiana University-Bloomington', '', 'IN01', 'Kelley School of Business', ''),
('SUN04', 'University of Notre Dame', '', 'IN04', 'Mendoza', ''),
('SP004', 'Purdue University-West Lafayette', '', 'IN05', 'Krannert School of Management
', ''),
('SUK01', 'University of Kansas', '', 'KS01', '', ''),
('SN006', 'Northern Kentucky University', '', 'KY01', '', ''),
('SUK02', 'University of Kentucky', '', 'KY02', 'Gatton College of Business and Economics', ''),
('SUL01', 'University of Louisville', '', 'KY03', 'College of Business', ''),
('SL002', 'Louisiana State University-Baton Rouge', '', 'LA02', 'Baton Rouge', ''),
('SUM03', 'University of Massachusetts-​Amherst', '', 'MA01', 'Isenberg', ''),
('SB001', 'Babson College', '', 'MA02', 'F.W. Olin Graduate School of Business', ''),
('SH001', 'Harvard University', '', 'MA03', '', ''),
('SUM04', 'University of Massachusetts-Boston', '', 'MA03', '', ''),
('SM001', 'Massachusetts Institute of Technology', '', 'MA04', 'Sloan School of Management', ''),
('SB009', 'Boston College', '', 'MA05', 'Caroll', ''),
('ST010', 'Tufts University', '', 'MA06', '', ''),
('SB007', 'Bentley University', '', 'MA07', '', ''),
('SB012', 'Brandeis University', '', 'MA07', '', ''),
('SH005', 'Indiana University ', '', 'MA07', 'McCallum', ''),
('SC010', 'Clark University', '', 'MA08', '', ''),
('SW005', 'Worcester Polytechnic Institute', '', 'MA08', '', ''),
('SJ001', 'Johns Hopkins University', '', 'MD01', '', ''),
('SUM01', 'University of Maryland-Baltimore County', '', 'MD01', '', ''),
('SUM02', 'University of Maryland-College Park', '', 'MD02', 'Robert H. Smith School of Business', ''),
('SUM06', 'University of Michigan-Ann Arbor', '', 'MI01', 'Stephen M. Ross School of Business', ''),
('SUM07', 'University of Michigan-Dearborn', '', 'MI02', '', ''),
('SM003', 'Michigan State University', '', 'MI04', 'Eli Broad', ''),
('SUM08', 'University of Minnesota-Twin Cities', '', 'MN01', 'Carlson School of Management', ''),
('SUM09', 'University of Missouri', '', 'MO01', 'Trulaske', ''),
('SR005', 'Rockhurst University', '', 'MO02', 'Helzberg School of Management', ''),
('SM004', 'Missouri University of Science & Technology', '', 'MO03', '', ''),
('SW003', 'Washington University in St. Louis', '', 'MO06', 'Olin', ''),
('SA002', 'Appalachian State University', '', 'NC02', '', ''),
('SN003', 'North Carolina State University', '', 'NC06', '', ''),
('SW001', 'Wake Forest University', '', 'NC07', '', ''),
('SB004', 'Bellevue University', '', 'NE01', '', ''),
('SUN01', 'University of Nebraska-Lincoln', '', 'NE02', '', ''),
('SC022', 'Creighton University', '', 'NE03', '', ''),
('SD001', 'Dartmouth College', '', 'NH01', 'Tuck', ''),
('SS009', 'Stevens Institute of Technology', '', 'NJ01', 'The School of Business at Stevens Institute of Technology', ''),
('SN001', 'New Jersey City University', '', 'NJ02', '', ''),
('SS002', 'Saint Peters University', '', 'NJ02', '', ''),
('SP003', 'Princeton University', '', 'NJ04', '', ''),
('SUN02', 'University of New Mexico', '', 'NM01', '', ''),
('SB008', 'Binghamton University-​SUNY', '', 'NY02', '', ''),
('SH002', 'Hofstra University', '', 'NY05', 'Zarb', ''),
('SC021', 'Cornell University', '', 'NY06', 'Johnson', ''),
('SC007', 'City University of New York', '', 'NY07', '', ''),
('SY002', 'Yeshiva University', '', 'NY07', '', ''),
('SC011', 'Clarkson University', '', 'NY08', '', ''),
('SUR01', 'University of Rochester', '', 'NY10', 'Simon Business School', ''),
('SS010', 'Stony Brook University-State University of New York', '', 'NY11', '', ''),
('SR001', 'Rensselaer Polytechnic Institute', '', 'NY13', 'Lally School of Management', ''),
('SB011', 'Bowling Green State University', '', 'OH02', '', ''),
('SUC11', 'University of Cincinnati', '', 'OH03', 'Carl H. Lindner College of Business', ''),
('SX001', 'Xavier University', '', 'OH03', '', ''),
('SC014', 'Cleveland State University', '', 'OH04', '', ''),
('SW006', 'Wright State University', '', 'OH07', '', ''),
('SY003', 'Youngstown State University', '', 'OH09', '', ''),
('SUO01', 'University of Oklahoma', '', 'OK01', 'Michael F. Price College of Business', ''),
('SUT06', 'University of Tulsa', '', 'OK03', 'Collins', ''),
('SO002', 'Oregon State University', '', 'OR01', '', ''),
('SUO02', 'University of Oregon', '', 'OR02', 'Lundquist', ''),
('SW004', 'Willamette University', '', 'OR04', 'Atkinson', ''),
('SC009', 'Clarion University of Pennsylvania', '', 'PA01', '', ''),
('SL001', 'La Salle University', '', 'PA03', '', ''),
('SS001', 'Saint Josephs University', '', 'PA03', '', ''),
('SUP01', 'University of Pennsylvania', '', 'PA03', 'Wharton School', ''),
('SD005', 'Duquesne University', '', 'PA04', '', ''),
('SUP02', 'University of Pittsburgh', '', 'PA04', 'Katz Graduate School of Business', ''),
('SP001', 'Pennsylvania State University-​University Park', '', 'PA05', 'Smeal', ''),
('SV002', 'Villanova University', '', 'PA06', 'Villanova School of Business', ''),
('SB014', 'Brown University', '', 'RI01', '', ''),
('SC016', 'College of Charleston', '', 'SC01', '', ''),
('SC013', 'Clemson University', '', 'SC02', '', ''),
('SUS03', 'University of South Carolina', '', 'SC03', 'Moore', ''),
('SUS05', 'University of Southern California', '', 'SC03', 'Marshall School of Business', ''),
('SC015', 'Coastal Carolina University', '', 'SC04', '', ''),
('SS005', 'South Dakota University', '', 'SD01', 'Beacom', ''),
('SUT02', 'University of Tennessee-​Knoxville', '', 'TN02', '', ''),
('SV001', 'Vanderbilt University', '', 'TN04', 'Owen', ''),
('SUT05', 'University of Texas Arlington', '', 'TX01', '', ''),
('SUT03', 'University of Texas-Austin', '', 'TX02', 'McCombs School of Business', ''),
('ST002', 'Texas A&M University-College Station', '', 'TX03', '', ''),
('ST003', 'Texas A&M University-College Station', '', 'TX03', 'Mays Business School', ''),
('SS006', 'Southern Methodist University', '', 'TX04', 'Cox School of Business', ''),
('SUH01', 'University of Houston', '', 'TX06', 'Bauer', ''),
('SUT04', 'University of Texas-Dallas', '', 'TX09', 'Naveen Jindal School of Management', ''),
('SB003', 'Baylor University', '', 'TX11', 'Hankamer', ''),
('SUU01', 'University of Utah', '', 'UT03', 'David Eccles School of Business', ''),
('SU003', 'Utah State University', '', 'UT01', '', ''),
('SB013', 'Brigham Young University', '', 'UT02', 'Marriott', ''),
('SV004', 'Virginia Polytechnic Institute and State University', '', 'VA02', '', ''),
('SV005', 'Virginia Tech', '', 'VA02', '', ''),
('SUV01', 'University of Virginia', '', 'VA03', 'Darden', ''),
('SG001', 'George Mason University', '', 'VA04', '', ''),
('SV003', 'Virginia Commonwealth University', '', 'VA06', '', ''),
('SC018', 'College of William and Mary', '', 'VA08', 'Mason', ''),
('SW002', 'Washington State University', '', 'WA05', '', ''),
('SUW01', 'University of Washington', '', 'WA06', 'Foster', ''),
('SUW02', 'University of Wisconsin - ​Eau Claire', '', 'WI01', '', ''),
('SUW04', 'University of Wisconsin - ​Parkside', '', 'WI02', '', ''),
('SUW05', 'University of Wisconsin - La Crosse', '', 'WI03', '', ''),
('SUW09', 'University of Wisconsin-​Madison', '', 'WI04', '', ''),
('SUW06', 'University of Wisconsin - Milwaukee', '', 'WI05', '', ''),
('SUW03', 'University of Wisconsin - ​Oshkosh', '', 'WI06', '', ''),
('SUW07', 'University of Wisconsin - River Falls', '', 'WI07', '', ''),
('SUW08', 'University of Wisconsin - Whitewater', '', 'WI08', '', ''),
('SC019', 'Colorado State University', '', 'CO04', '', ''),
('SE001', 'Emory University', '', 'GA01', 'Goizueta', ''),
('SG006', 'Georgia Institute of Technology', '', 'GA01', 'Scheller College of Business', ''),
('SG007', 'Georgia State University', '', 'GA01', 'J. Mack Robinson College of Business', ''),
('SD002', 'DePaul University', '', 'IL01', 'Charles H. Kellstadt Graduate School of Business', ''),
('SUC10', 'University of Chicago', '', 'IL01', 'Booth', ''),
('ST011', 'Tulane University', '', 'LA01', 'Freeman', ''),
('SB010', 'Boston University', '', 'MA03', 'Questrom', ''),
('SN005', 'Northeastern University', '', 'MA01', 'DAmore-McKim', ''),
('SS011', 'Suffolk University', '', 'MA01', 'Sawyer', ''),
('SB005', 'Belmont University', '', 'TN04', '', ''),
('SN004', 'North Carolina State University-Raleigh', '', 'NC04', 'Jenkins Graduate School of Management', ''),
('SD004', 'Duke University', '', 'NC05', 'Fuqua', ''),
('SUN03', 'University of North Carolina-Chapel Hill', '', 'NC05', 'Kenan-Flagler', ''),
('SR007', 'Rutgers University-New Brunswick', '', 'NJ02', '', ''),
('SB002', 'Baruch College-The City University of New York', '', 'NY01', 'Zicklin School of Business', ''),
('SC020', 'Columbia University', '', 'NY01', '', ''),
('SN002', 'New York University', '', 'NY01', 'Leonard N. Stern School of Business', ''),
('SU001', 'University at Albany-​SUNY', '', 'NY04', '', ''),
('SS012', 'Syracuse University', '', 'NY05', 'Whitman', ''),
('SU002', 'University at Buffalo-​SUNY', '', 'NY06', 'School of Management', ''),
('SR004', 'Rochester Institute of Technology', '', 'NY07', 'Saunders College of Business', ''),
('SC004', 'Case Western Reserve University', '', 'OH02', 'Weatherhead School of Management', ''),
('SO001', 'Ohio State University', '', 'OH05', 'Fisher', ''),
('SC003', 'Carnegie Mellon University', '', 'PA01', 'Tepper School of Business', ''),
('SD003', 'Drexel University', '', 'PA01', 'LeBow College of Business', ''),
('SS007', 'St. Josephs University', '', 'PA01', 'Erivan K. Haub School of Business', ''),
('ST001', 'Temple University', '', 'PA01', 'Richard J. Fox School of Business and Management', ''),
('SUT01', 'University of Tampa', '', 'FL12', 'Sykes', ''),
('SR002', 'Rice University', '', 'TX03', 'Jones', ''),
('ST005', 'Texas Tech University', '', 'TX04', 'Rawls', ''),
('ST004', 'Texas Christian University', '', 'TX05', 'Neeley School of Business', ''),
('SG008', 'Gonzaga University', '', 'WA08', '', ''),
('SF001', 'Fairfield University', '', 'CT04', 'Dolan School of Business', ''),
('SF003', 'Fordham University', '', 'NY14', 'Graduate School of Business Administration', '')


--Program
INSERT INTO Study4U_Program VALUES
('A000049', 'MS in Business Analytics', 'MSBA', 'SA003', 33000, 50900, 9, 36),
('A000024', 'MS in Business Analytics', 'MSBA', 'SUT03', 43000, 48000, 10, 36),
('A000030', 'MS in Business Analytics and Information Management', 'MSBA', 'SP004', 29000, 46000, 11, 36),
('A000020', 'MS Business Analytics', 'MSBA', 'SR001', 34900, 44900, 11, 36),
('A000004', 'Master of Business Analytics', 'MSBA', 'SM001', 77350, 77350, 12, 36),
('A000015', 'MS in Business Analytics', 'MSBA', 'SN002', 74300, 74300, 12, 36),
('A000003', 'MS in Analytics', 'MSBA', 'SUC10', null, null, 15, 36),
('A000016', 'MS Business Analytics', 'MSBA', 'SUR01', 65000, 65000, 17, 36),
('A000001', 'MS in Data Science', 'MSBA', 'SC020', null, null, 18, 36),
('A000011', 'MS Business Analytics', 'MSBA', 'SUS05', 60951, 60951, 18, 36),
('A000060', 'MS in Analytics', 'MSBA', 'SV002', 43200, 43200, 20, 36),
('A000035', 'MS in Business Intelligence & Analytics', 'MSBA', 'SS009', 51741, 51741, 22, 36),
('S000064', 'MS in Information Management', 'MSIS', 'SA003', null, null, null, null),
('S000049', 'MS Information Systems', 'MSIS', 'SA004', null, null, null, null),
('S000069', 'MS in Information Systems', 'MSIS', 'SB002', null, null, null, null),
('S000040', 'MS Information Systems', 'MSIS', 'SB003', null, null, null, null),
('S000115', 'MS in Information Systems', 'MSIS', 'SB009', null, null, null, null),
('S000017', 'MS in Computer Information Systems', 'MSIS', 'SB010', null, null, null, null),
('S000029', 'Master of Information Systems Management', 'MSIS', 'SB013', null, null, null, null),
('S000085', 'MS in Information Systems', 'MSIS', 'SB014', null, null, null, null),
('S000075', 'MS in Information Systems', 'MSIS', 'SC001', null, null, null, null),
('S000006', 'Master of Information Systems Management - One Year Track', 'MSIS', 'SC003', null, null, null, null),
('S000007', 'Master of Information Systems Management - 16 Month Track', 'MSIS', 'SC003', null, null, null, null),
('S000008', 'Master of Information Systems Management - Global MISM 21 - Month Track', 'MSIS', 'SC003', null, null, null, null),
('S000009', 'Master of Information Systems Management with a Business Intelligence and Data Analytics concentration', 'MSIS', 'SC003', null, null, null, null),
('S000109', 'MS in Information Systems', 'MSIS', 'SC007', null, null, null, null),
('S000116', 'MS in Information Systems', 'MSIS', 'SC013', null, null, null, null),
('S000117', 'MS in Information Systems', 'MSIS', 'SC018', null, null, null, null),
('S000118', 'MS in Information Systems', 'MSIS', 'SC019', null, null, null, null),
('S000076', 'MS in Information Systems', 'MSIS', 'SC020', null, null, null, null),
('S000002', 'Master of Professiol Studies in Information Science', 'MSIS', 'SC021', null, null, null, null),
('S000003', 'Master in Information System Connective Media', 'MSIS', 'SC021', null, null, null, null),
('S000004', 'Master of Management Information System', 'MSIS', 'SC021', null, null, null, null),
('S000099', 'MS in Information Systems', 'MSIS', 'SD001', null, null, null, null),
('S000119', 'MS in Information Systems', 'MSIS', 'SD003', null, null, null, null),
('S000081', 'MS in Information Systems', 'MSIS', 'SD004', null, null, null, null),
('S000058', 'MS Information Systems Management', 'MSIS', 'SD005', null, null, null, null),
('S000131', 'MS in Information Systems', 'MSIS', 'SE001', null, null, null, null),
('S000050', 'MS Management Information Systems', 'MSIS', 'SF002', null, null, null, null),
('S000027', 'MS Information Systems', 'MSIS', 'SF003', null, null, null, null),
('S000120', 'MS in Information Systems', 'MSIS', 'SG001', null, null, null, null),
('S000021', 'MS Information Systems Technology', 'MSIS', 'SG003', null, null, null, null),
('S000110', 'MS in Information Systems', 'MSIS', 'SG004', null, null, null, null),
('S000074', 'MS in Information Systems', 'MSIS', 'SG006', null, null, null, null),
('S000135', 'MS in Information Systems', 'MSIS', 'SG007', null, null, null, null),
('S000072', 'MS in Information Systems', 'MSIS', 'SH001', null, null, null, null),
('S000062', 'MS Information Systems', 'MSIS', 'SH002', null, null, null, null),
('S000054', 'Master of Information Technology and Management', 'MSIS', 'SH004', null, null, null, null),
('S000055', 'MS in Management Information Systems', 'MSIS', 'SH004', null, null, null, null),
('S000041', 'MS in Information Systems', 'MSIS', 'SH006', null, null, null, null),
('S000042', 'Master of Information Science', 'MSIS', 'SH006', null, null, null, null),
('S000051', 'MS in Information Systems', 'MSIS', 'SH007', null, null, null, null),
('S000001', 'Master of Information Systems', 'MSIS', 'SJ001', null, null, null, null),
('S000070', 'MS in Information Systems', 'MSIS', 'SM001', null, null, null, null),
('S000091', 'MS in Information Systems', 'MSIS', 'SM003', null, null, null, null),
('S000014', 'MS in Information Systems', 'MSIS', 'SN002', null, null, null, null),
('S000015', 'MS Management and Systems', 'MSIS', 'SN002', null, null, null, null),
('S000092', 'MS in Information Systems', 'MSIS', 'SN003', null, null, null, null),
('S000019', 'MS in Information Systems', 'MSIS', 'SN005', null, null, null, null),
('S000086', 'MS in Information Systems', 'MSIS', 'SN007', null, null, null, null),
('S000022', 'MS in Computer Information Science', 'MSIS', 'SO001', null, null, null, null),
('S000087', 'MS in Information Systems', 'MSIS', 'SP001', null, null, null, null),
('S000073', 'MS in Information Systems', 'MSIS', 'SP003', null, null, null, null),
('S000036', 'MS in Business Analytics and Information Management', 'MSIS', 'SP004', null, null, null, null),
('S000100', 'MS in Information Systems', 'MSIS', 'SR001', null, null, null, null),
('S000088', 'MS in Information Systems', 'MSIS', 'SR002', null, null, null, null),
('S000037', 'Master of Information Technology', 'MSIS', 'SR007', null, null, null, null),
('S000071', 'MS in Information Systems', 'MSIS', 'SS008', null, null, null, null),
('S000046', 'MS in Information Systems', 'MSIS', 'SS009', null, null, null, null),
('S000047', 'Master of Engineering in Networked Information Systems', 'MSIS', 'SS009', null, null, null, null),
('S000105', 'MS in Information Systems', 'MSIS', 'SS010', null, null, null, null),
('S000030', 'MS in Information Management', 'MSIS', 'SS012', null, null, null, null),
('S000132', 'MS in Information Systems', 'MSIS', 'ST001', null, null, null, null),
('S000038', 'MS Management Information Systems', 'MSIS', 'ST003', null, null, null, null),
('S000129', 'MS in Information Systems', 'MSIS', 'ST010', null, null, null, null),
('S000111', 'MS in Information Systems', 'MSIS', 'SU002', null, null, null, null),
('S000068', 'Master of Management Information Systems', 'MSIS', 'SU003', null, null, null, null),
('S000048', 'Master of Library & Information Studies', 'MSIS', 'SUA01', null, null, null, null),
('S000057', 'Master in Management Information Systems', 'MSIS', 'SUA02', null, null, null, null),
('S000060', 'Master of Information Systems', 'MSIS', 'SUA03', null, null, null, null),
('S000082', 'MS in Information Systems', 'MSIS', 'SUC01', null, null, null, null),
('S000005', 'Master of Information Management and Systems', 'MSIS', 'SUC02', null, null, null, null),
('S000089', 'MS in Information Systems', 'MSIS', 'SUC03', null, null, null, null),
('S000010', 'Master of Library & Information Science MLIS - - Specialization in Informatics', 'MSIS', 'SUC04', null, null, null, null),
('S000106', 'MS in Information Systems', 'MSIS', 'SUC05', null, null, null, null),
('S000079', 'MS in Information Systems', 'MSIS', 'SUC06', null, null, null, null),
('S000094', 'MS in Information Systems', 'MSIS', 'SUC07', null, null, null, null),
('S000102', 'MS in Information Systems', 'MSIS', 'SUC08', null, null, null, null),
('S000121', 'MS in Information Systems', 'MSIS', 'SUC09', null, null, null, null),
('S000080', 'MS in Information Systems', 'MSIS', 'SUC10', null, null, null, null),
('S000063', 'MS in Information Systems', 'MSIS', 'SUC11', null, null, null, null),
('S000067', 'MS in Information Systems', 'MSIS', 'SUC13', null, null, null, null),
('S000098', 'MS in Information Systems', 'MSIS', 'SUC14', null, null, null, null),
('S000122', 'MS in Information Systems', 'MSIS', 'SUC15', null, null, null, null),
('S000043', 'MS in Information Systems and Technology Management', 'MSIS', 'SUD01', null, null, null, null),
('S000044', 'MS in Computer and Information Science', 'MSIS', 'SUD01', null, null, null, null),
('S000045', 'MS Information Systems', 'MSIS', 'SUD01', null, null, null, null),
('S000020', 'MS Information Systems and Operations Management', 'MSIS', 'SUF01', null, null, null, null),
('S000028', 'MS in Information Systems Audit and Control', 'MSIS', 'SUG01', null, null, null, null),
('S000123', 'MS in Information Systems', 'MSIS', 'SUH01', null, null, null, null),
('S000061', 'MS in Management Information Systems', 'MSIS', 'SUI01', null, null, null, null),
('S000018', 'Master in Library and Information Science', 'MSIS', 'SUI02', null, null, null, null),
('S000130', 'MS in Information Systems', 'MSIS', 'SUK01', null, null, null, null),
('S000124', 'MS in Information Systems', 'MSIS', 'SUM01', null, null, null, null),
('S000031', 'MS in Information Systems', 'MSIS', 'SUM02', null, null, null, null),
('S000032', 'Master of Information Management', 'MSIS', 'SUM02', null, null, null, null),
('S000033', 'Master of Library Science', 'MSIS', 'SUM02', null, null, null, null),
('S000083', 'MS in Information Systems', 'MSIS', 'SUM03', null, null, null, null),
('S000125', 'MS in Information Systems', 'MSIS', 'SUM04', null, null, null, null),
('S000133', 'MS in Information Systems', 'MSIS', 'SUM05', null, null, null, null),
('S000011', 'MS in Information', 'MSIS', 'SUM06', null, null, null, null),
('S000012', 'MS in Information Alysis and Retrieval', 'MSIS', 'SUM06', null, null, null, null),
('S000095', 'MS in Information Systems', 'MSIS', 'SUM08', null, null, null, null),
('S000126', 'MS in Information Systems', 'MSIS', 'SUN01', null, null, null, null),
('S000127', 'MS in Information Systems', 'MSIS', 'SUN02', null, null, null, null),
('S000013', 'MS in Information Science', 'MSIS', 'SUN03', null, null, null, null),
('S000107', 'MS in Information Systems', 'MSIS', 'SUN04', null, null, null, null),
('S000052', 'Master in Management Information Systems', 'MSIS', 'SUO01', null, null, null, null),
('S000078', 'MS in Information Systems', 'MSIS', 'SUP01', null, null, null, null),
('S000034', 'MS in Information Science', 'MSIS', 'SUP02', null, null, null, null),
('S000035', 'Master of Library and Information Science', 'MSIS', 'SUP02', null, null, null, null),
('S000016', 'MS Business Administration with a Concentration in Information Systems Management', 'MSIS', 'SUR01', null, null, null, null),
('S000056', 'MS in Information Systems', 'MSIS', 'SUS02', null, null, null, null),
('S000066', 'Master in Management Information Systems', 'MSIS', 'SUS04', null, null, null, null),
('S000134', 'MS in Information Systems', 'MSIS', 'SUS05', null, null, null, null),
('S000053', 'MS in Information Sciences', 'MSIS', 'SUT02', null, null, null, null),
('S000108', 'MS in Information Systems', 'MSIS', 'SUT02', null, null, null, null),
('S000023', 'MS in Information Studies', 'MSIS', 'SUT03', null, null, null, null),
('S000065', 'MS in Information Technology and Management', 'MSIS', 'SUT04', null, null, null, null),
('S000103', 'MS in Information Systems', 'MSIS', 'SUT04', null, null, null, null),
('S000112', 'MS in Information Systems', 'MSIS', 'SUT05', null, null, null, null),
('S000059', 'MS in Information Systems', 'MSIS', 'SUU01', null, null, null, null),
('S000096', 'MS in Information Systems', 'MSIS', 'SUV01', null, null, null, null),
('S000024', 'MS in Information Management', 'MSIS', 'SUW01', null, null, null, null),
('S000025', 'Master of Library and Information Science', 'MSIS', 'SUW01', null, null, null, null),
('S000026', 'MS Information Systems', 'MSIS', 'SUW01', null, null, null, null),
('S000084', 'MS in Information Systems', 'MSIS', 'SUW09', null, null, null, null),
('S000104', 'MS in Information Systems', 'MSIS', 'SV001', null, null, null, null),
('S000090', 'MS in Information Systems', 'MSIS', 'SV004', null, null, null, null),
('S000039', 'Master of Accounting and Information Systems', 'MSIS', 'SV005', null, null, null, null),
('S000113', 'MS in Information Systems', 'MSIS', 'SW002', null, null, null, null),
('S000114', 'MS in Information Systems', 'MSIS', 'SW003', null, null, null, null),
('S000128', 'MS in Information Systems', 'MSIS', 'SW005', null, null, null, null),
('S000077', 'MS in Information Systems', 'MSIS', 'SY001', null, null, null, null),
('A000034', 'MS Analytics', 'MSBA', 'SA001', null, null, null, null),
('A000067', 'MS in Analytics', 'MSBA', 'SB004', null, null, null, null),
('A000065', 'MS in Analytics', 'MSBA', 'SB006', null, null, null, null),
('A000052', 'MS Business Analytics', 'MSBA', 'SB007', null, null, null, null),
('A000056', 'MS in Analytics', 'MSBA', 'SB011', null, null, null, null),
('A000010', 'Master of Information Systems Management with a Business Intelligence and Data Analytics concentration', 'MSBA', 'SC003', null, null, null, null),
('A000017', 'MS Management - Business Analytics', 'MSBA', 'SC004', null, null, null, null),
('A000063', 'MS in Analytics', 'MSBA', 'SC005', null, null, null, null),
('A000014', 'MS in Business Analytics', 'MSBA', 'SC018', null, null, null, null),
('A000002', 'MS Applied Analytics', 'MSBA', 'SC020', null, null, null, null),
('A000062', 'MS in Analytics', 'MSBA', 'SC022', null, null, null, null),
('A000045', 'MS in Predictive Analytics', 'MSBA', 'SD002', null, null, null, null),
('A000039', 'MS Business Analytics', 'MSBA', 'SD003', null, null, null, null),
('A000008', 'MS in Business Analytics', 'MSBA', 'SE001', null, null, null, null),
('A000025', 'MS Business Analytics', 'MSBA', 'SF003', null, null, null, null),
('A000023', 'MS Business Analytics', 'MSBA', 'SG003', null, null, null, null),
('A000009', 'MS Analytics - Data Science', 'MSBA', 'SG004', null, null, null, null),
('A000054', 'MS in Analytics', 'MSBA', 'SG007', null, null, null, null),
('A000040', 'MS in Business Analytics', 'MSBA', 'SH007', null, null, null, null),
('A000053', 'MS in Analytics', 'MSBA', 'SL002', null, null, null, null),
('A000032', 'MS Business Analytics', 'MSBA', 'SM003', null, null, null, null),
('A000069', 'MS in Analytics', 'MSBA', 'SN001', null, null, null, null),
('A000041', 'MS in Analytics', 'MSBA', 'SN004', null, null, null, null),
('A000061', 'MS in Analytics', 'MSBA', 'SN006', null, null, null, null),
('A000005', 'MS in Analytics', 'MSBA', 'SN007', null, null, null, null),
('A000026', 'MS in Applied Analytics', 'MSBA', 'SP002', null, null, null, null),
('A000057', 'MS in Analytics', 'MSBA', 'SR007', null, null, null, null),
('A000068', 'MS in Analytics', 'MSBA', 'SS001', null, null, null, null),
('A000066', 'MS in Analytics', 'MSBA', 'SS002', null, null, null, null),
('A000055', 'MS in Analytics', 'MSBA', 'SS004', null, null, null, null),
('A000028', 'MS Business Analytics', 'MSBA', 'SS006', null, null, null, null),
('A000046', 'MS in Business Analytics', 'MSBA', 'ST001', null, null, null, null),
('A000043', 'MS in Management Science: Business Analytics and Systems Bangalore India', 'MSBA', 'SU002', null, null, null, null),
('A000022', 'MS in Business Analytics', 'MSBA', 'SUC01', null, null, null, null),
('A000018', 'MS in Business Analytics', 'MSBA', 'SUC03', null, null, null, null),
('A000019', 'MS in Business Analytics', 'MSBA', 'SUC06', null, null, null, null),
('A000048', 'MS in Business Analytics', 'MSBA', 'SUC11', null, null, null, null),
('A000036', 'MS Business Analytics', 'MSBA', 'SUC12', null, null, null, null),
('A000051', 'MS in Business Analytics', 'MSBA', 'SUC13', null, null, null, null),
('A000027', 'MS Business Analytics and Project Management', 'MSBA', 'SUC15', null, null, null, null),
('A000037', 'MS Business Analytics', 'MSBA', 'SUD02', null, null, null, null),
('A000047', 'MS in Business Analytics', 'MSBA', 'SUI01', null, null, null, null),
('A000033', 'MS Business Analytics', 'MSBA', 'SUI03', null, null, null, null),
('A000029', 'MS Business Analytics', 'MSBA', 'SUM02', null, null, null, null),
('A000021', 'MS Business Analytics', 'MSBA', 'SUM05', null, null, null, null),
('A000064', 'MS in Analytics', 'MSBA', 'SUM07', null, null, null, null),
('A000031', 'MS Business Analytics', 'MSBA', 'SUM08', null, null, null, null),
('A000007', 'MS Business Analytics', 'MSBA', 'SUN04', null, null, null, null),
('A000058', 'MS in Analytics', 'MSBA', 'SUO01', null, null, null, null),
('A000038', 'MS in Business Analytics', 'MSBA', 'SUS01', null, null, null, null),
('A000044', 'MS in Analytics', 'MSBA', 'SUS02', null, null, null, null),
('A000042', 'MS Business Analytics', 'MSBA', 'SUT02', null, null, null, null),
('A000050', 'MS Business Analytics', 'MSBA', 'SUT04', null, null, null, null),
('A000059', 'MS in Analytics', 'MSBA', 'SUU01', null, null, null, null),
('A000012', 'MS Commerce - Business Analytics Track', 'MSBA', 'SUV01', null, null, null, null),
('A000070', 'MS in Analytics', 'MSBA', 'SV003', null, null, null, null),
('A000013', 'MS in Business Analytics', 'MSBA', 'SW001', null, null, null, null),
('A000006', 'MS Customer Analytics', 'MSBA', 'SW003', null, null, null, null),
('M000095', 'Master in Business Administration', 'MBA', 'SA001', 1579, null, null, null),
('M000096', 'Master in Business Administration', 'MBA', 'SA002', 12268, 29277, null, null),
('M000025', 'Master in Business Administration', 'MBA', 'SA003', 26080, 43186, null, null),
('M000082', 'Master in Business Administration', 'MBA', 'SA004', 13608, 40824, null, null),
('M000068', 'Master in Business Administration', 'MBA', 'SB001', 105118, null, null, null),
('M000058', 'Master in Business Administration', 'MBA', 'SB002', 14900, 27450, null, null),
('M000064', 'Master in Business Administration', 'MBA', 'SB003', 37996, null, null, null),
('M000097', 'Master in Business Administration', 'MBA', 'SB005', 54570, null, null, null),
('M000141', 'Master in Business Administration', 'MBA', 'SB007', 38965, null, null, null),
('M000076', 'Master in Business Administration', 'MBA', 'SB008', 14410, 24390, null, null),
('M000044', 'Master in Business Administration', 'MBA', 'SB009', 47340, null, null, null),
('M000045', 'Master in Business Administration', 'MBA', 'SB010', 49800, null, null, null),
('M000098', 'Master in Business Administration', 'MBA', 'SB011', 15252, 26556, null, null),
('M000147', 'Master in Business Administration', 'MBA', 'SB012', null, null, null, null),
('M000034', 'Master in Business Administration', 'MBA', 'SB013', 12310, 24620, null, null),
('M000019', 'Master in Business Administration', 'MBA', 'SC003', 61440, null, null, null),
('M000077', 'Master in Business Administration', 'MBA', 'SC004', 38250, null, null, null),
('M000099', 'Master in Business Administration', 'MBA', 'SC006', 1530, null, null, null),
('M000167', 'Master in Business Administration', 'MBA', 'SC008', null, null, null, null),
('M000168', 'Master in Business Administration', 'MBA', 'SC009', 483, 522, null, null),
('M000101', 'Master in Business Administration', 'MBA', 'SC010', 57037, null, null, null),
('M000100', 'Master in Business Administration', 'MBA', 'SC011', 49400, null, null, null),
('M000170', 'Master in Business Administration', 'MBA', 'SC012', 335, 1335, null, null),
('M000102', 'Master in Business Administration', 'MBA', 'SC013', 18666, 30672, null, null),
('M000171', 'Master in Business Administration', 'MBA', 'SC014', 569, 1074, null, null),
('M000172', 'Master in Business Administration', 'MBA', 'SC015', 555, 1006, null, null),
('M000103', 'Master in Business Administration', 'MBA', 'SC016', 15656, 15656, null, null),
('M000057', 'Master in Business Administration', 'MBA', 'SC018', 31992, 43148, null, null),
('M000174', 'Master in Business Administration', 'MBA', 'SC019', 736, 1513, null, null),
('M000009', 'Master in Business Administration', 'MBA', 'SC020', 68792, null, null, null),
('M000016', 'Master in Business Administration', 'MBA', 'SC021', 61584, null, null, null),
('M000177', 'Master in Business Administration', 'MBA', 'SC022', null, null, null, null),
('M000008', 'Master in Business Administration', 'MBA', 'SD001', 66390, null, null, null),
('M000092', 'Master in Business Administration', 'MBA', 'SD002', 1020, null, null, null),
('M000087', 'Master in Business Administration', 'MBA', 'SD003', 64000, null, null, null),
('M000012', 'Master in Business Administration', 'MBA', 'SD004', 63200, null, null, null),
('M000181', 'Master in Business Administration', 'MBA', 'SD005', 54831, null, null, null),
('M000020', 'Master in Business Administration', 'MBA', 'SE001', 57000, null, null, null),
('M000197', 'Master in Business Administration', 'MBA', 'SF002', 480, 1110, null, null),
('M000072', 'Master in Business Administration', 'MBA', 'SF003', 1397, null, null, null),
('M000104', 'Master in Business Administration', 'MBA', 'SG001', 941, 1712, null, null),
('M000200', 'Master in Business Administration', 'MBA', 'SG003', 97815, null, null, null),
('M000021', 'Master in Business Administration', 'MBA', 'SG004', 55050, null, null, null),
('M000201', 'Master in Business Administration', 'MBA', 'SG005', null, null, null, null),
('M000029', 'Master in Business Administration', 'MBA', 'SG006', 28896, 39484, null, null),
('M000204', 'Master in Business Administration', 'MBA', 'SG007', null, null, null, null),
('M000205', 'Master in Business Administration', 'MBA', 'SG008', 955, null, null, null),
('M000001', 'Master in Business Administration', 'MBA', 'SH001', 63675, null, null, null),
('M000105', 'Master in Business Administration', 'MBA', 'SH002', 1268, null, null, null),
('M000106', 'Master in Business Administration', 'MBA', 'SH003', 33996, null, null, null),
('M000209', 'Master in Business Administration', 'MBA', 'SH004', null, null, null, null),
('M000022', 'Master in Business Administration', 'MBA', 'SH006', 25500, 44460, null, null),
('M000065', 'Master in Business Administration', 'MBA', 'SH007', 10288, 23600, null, null),
('M000107', 'Master in Business Administration', 'MBA', 'SL001', 23020, null, null, null),
('M000078', 'Master in Business Administration', 'MBA', 'SL002', 28488, 64372, null, null),
('M000004', 'Master in Business Administration', 'MBA', 'SM001', 67938, null, null, null),
('M000108', 'Master in Business Administration', 'MBA', 'SM002', 795, null, null, null),
('M000037', 'Master in Business Administration', 'MBA', 'SM003', 29400, 46660, null, null),
('M000109', 'Master in Business Administration', 'MBA', 'SM004', 676, 1196, null, null),
('M000013', 'Master in Business Administration', 'MBA', 'SN002', 66588, null, null, null),
('M000059', 'Master in Business Administration', 'MBA', 'SN004', 21213, 36220, null, null),
('M000054', 'Master in Business Administration', 'MBA', 'SN005', 1513, null, null, null),
('M000273', 'Master in Business Administration', 'MBA', 'SN006', null, null, null, null),
('M000005', 'Master in Business Administration', 'MBA', 'SN007', 66462, null, null, null),
('M000027', 'Master in Business Administration', 'MBA', 'SO001', 30120, 50568, null, null),
('M000112', 'Master in Business Administration', 'MBA', 'SO002', 19413, 32886, null, null),
('M000036', 'Master in Business Administration', 'MBA', 'SP001', 24488, 39358, null, null),
('M000066', 'Master in Business Administration', 'MBA', 'SP002', 47800, null, null, null),
('M000050', 'Master in Business Administration', 'MBA', 'SP004', 22418, 42184, null, null),
('M000292', 'Master in Business Administration', 'MBA', 'SR001', null, null, null, null),
('M000030', 'Master in Business Administration', 'MBA', 'SR002', 53000, null, null, null),
('M000090', 'Master in Business Administration', 'MBA', 'SR004', 41804, null, null, null),
('M000295', 'Master in Business Administration', 'MBA', 'SR005', null, null, null, null),
('M000051', 'Master in Business Administration', 'MBA', 'SR007', 25839, 44859, null, null),
('M000115', 'Master in Business Administration', 'MBA', 'SS003', 14446, 23374, null, null),
('M000305', 'Master in Business Administration', 'MBA', 'SS004', null, null, null, null),
('M000052', 'Master in Business Administration', 'MBA', 'SS006', 45976, null, null, null),
('M000328', 'Master in Business Administration', 'MBA', 'SS007', 1003, null, null, null),
('M000006', 'Master in Business Administration', 'MBA', 'SS008', 66540, null, null, null),
('M000083', 'Master in Business Administration', 'MBA', 'SS009', 33328, null, null, null),
('M000117', 'Master in Business Administration', 'MBA', 'SS011', 41490, null, null, null),
('M000088', 'Master in Business Administration', 'MBA', 'SS012', 43290, null, null, null),
('M000032', 'Master in Business Administration', 'MBA', 'ST001', 31293, 43848, null, null),
('M000038', 'Master in Business Administration', 'MBA', 'ST003', 12309, 28078, null, null),
('M000070', 'Master in Business Administration', 'MBA', 'ST004', 46860, null, null, null),
('M000344', 'Master in Business Administration', 'MBA', 'ST005', 315, 723, null, null),
('M000089', 'Master in Business Administration', 'MBA', 'ST009', 70000, 70000, null, null),
('M000073', 'Master in Business Administration', 'MBA', 'ST011', 49959, null, null, null),
('M000091', 'Master in Business Administration', 'MBA', 'SU001', 14410, 24390, null, null),
('M000074', 'Master in Business Administration', 'MBA', 'SU002', 14410, 24390, null, null),
('M000441', 'Master in Business Administration', 'MBA', 'SU003', null, null, null, null),
('M000055', 'Master in Business Administration', 'MBA', 'SUA01', 10470, 26950, null, null),
('M000049', 'Master in Business Administration', 'MBA', 'SUA02', 23897, 43649, null, null),
('M000075', 'Master in Business Administration', 'MBA', 'SUA03', 543, 1387, null, null),
('M000046', 'Master in Business Administration', 'MBA', 'SUC01', 42224, 50092, null, null),
('M000007', 'Master in Business Administration', 'MBA', 'SUC02', 56009, 57560, null, null),
('M000042', 'Master in Business Administration', 'MBA', 'SUC03', 38479, 50724, null, null),
('M000015', 'Master in Business Administration', 'MBA', 'SUC04', 52272, 55159, null, null),
('M000093', 'Master in Business Administration', 'MBA', 'SUC05', 41941, 54187, null, null),
('M000081', 'Master in Business Administration', 'MBA', 'SUC06', 46775, 50909, null, null),
('M000356', 'Master in Business Administration', 'MBA', 'SUC09', 39000, 39000, null, null),
('M000003', 'Master in Business Administration', 'MBA', 'SUC10', 66540, null, null, null),
('M000079', 'Master in Business Administration', 'MBA', 'SUC11', 28920, 40677, null, null),
('M000080', 'Master in Business Administration', 'MBA', 'SUC12', 17892, 33300, null, null),
('M000119', 'Master in Business Administration', 'MBA', 'SUC13', 42500, 42500, null, null),
('M000067', 'Master in Business Administration', 'MBA', 'SUC15', 13726, 34762, null, null),
('M000120', 'Master in Business Administration', 'MBA', 'SUD01', 780, 1000, null, null),
('M000121', 'Master in Business Administration', 'MBA', 'SUD02', 83000, null, null, null),
('M000040', 'Master in Business Administration', 'MBA', 'SUF01', 12737, 30130, null, null),
('M000048', 'Master in Business Administration', 'MBA', 'SUG01', 13192, 31510, null, null),
('M000094', 'Master in Business Administration', 'MBA', 'SUH01', 23100, 38340, null, null),
('M000368', 'Master in Business Administration', 'MBA', 'SUI01', 20680, 32920, null, null),
('M000041', 'Master in Business Administration', 'MBA', 'SUI02', 23072, 34622, null, null),
('M000063', 'Master in Business Administration', 'MBA', 'SUI03', 23234, 40134, null, null),
('M000370', 'Master in Business Administration', 'MBA', 'SUK01', 395, 924, null, null),
('M000085', 'Master in Business Administration', 'MBA', 'SUK02', 32000, 37000, null, null),
('M000086', 'Master in Business Administration', 'MBA', 'SUL01', 32000, 32000, null, null),
('M000047', 'Master in Business Administration', 'MBA', 'SUM02', 44766, 53946, null, null),
('M000060', 'Master in Business Administration', 'MBA', 'SUM03', 13524, 29644, null, null),
('M000374', 'Master in Business Administration', 'MBA', 'SUM04', 717, 1386, null, null),
('M000061', 'Master in Business Administration', 'MBA', 'SUM05', 1900, null, null, null),
('M000011', 'Master in Business Administration', 'MBA', 'SUM06', 59350, 64350, null, null),
('M000378', 'Master in Business Administration', 'MBA', 'SUM07', null, null, null, null),
('M000033', 'Master in Business Administration', 'MBA', 'SUM08', 37100, 47500, null, null),
('M000069', 'Master in Business Administration', 'MBA', 'SUM09', 353, 966, null, null),
('M000392', 'Master in Business Administration', 'MBA', 'SUN02', 508, 1134, null, null),
('M000018', 'Master in Business Administration', 'MBA', 'SUN03', 40015, 56138, null, null),
('M000031', 'Master in Business Administration', 'MBA', 'SUN04', 50326, null, null, null),
('M000084', 'Master in Business Administration', 'MBA', 'SUO01', 26100, 53300, null, null),
('M000124', 'Master in Business Administration', 'MBA', 'SUO02', 27417, 37944, null, null),
('M000002', 'Master in Business Administration', 'MBA', 'SUP01', 67516, null, null, null),
('M000053', 'Master in Business Administration', 'MBA', 'SUP02', 51028, 66900, null, null),
('M000043', 'Master in Business Administration', 'MBA', 'SUR01', 46000, null, null, null),
('M000125', 'Master in Business Administration', 'MBA', 'SUS01', 1420, null, null, null),
('M000126', 'Master in Business Administration', 'MBA', 'SUS02', 1380, null, null, null),
('M000071', 'Master in Business Administration', 'MBA', 'SUS03', 43142, 71580, null, null),
('M000127', 'Master in Business Administration', 'MBA', 'SUS04', 467, 913, null, null),
('M000024', 'Master in Business Administration', 'MBA', 'SUS05', 55474, null, null, null),
('M000417', 'Master in Business Administration', 'MBA', 'SUT01', 588, null, null, null),
('M000056', 'Master in Business Administration', 'MBA', 'SUT02', 24834, 43252, null, null),
('M000017', 'Master in Business Administration', 'MBA', 'SUT03', 34296, 50296, null, null),
('M000039', 'Master in Business Administration', 'MBA', 'SUT04', 14005, 29026, null, null),
('M000128', 'Master in Business Administration', 'MBA', 'SUT06', 1235, null, null, null),
('M000062', 'Master in Business Administration', 'MBA', 'SUU01', 58000, 60000, null, null),
('M000014', 'Master in Business Administration', 'MBA', 'SUV01', 57790, 60108, null, null),
('M000028', 'Master in Business Administration', 'MBA', 'SUW01', 31335, 46155, null, null),
('M000035', 'Master in Business Administration', 'MBA', 'SUW09', 15894, 32164, null, null),
('M000026', 'Master in Business Administration', 'MBA', 'SV001', 51900, null, null, null),
('M000445', 'Master in Business Administration', 'MBA', 'SV002', null, null, null, null),
('M000446', 'Master in Business Administration', 'MBA', 'SV003', 10893, 22396, null, null),
('M000447', 'Master in Business Administration', 'MBA', 'SV005', null, null, null, null),
('M000448', 'Master in Business Administration', 'MBA', 'SW001', null, null, null, null),
('M000450', 'Master in Business Administration', 'MBA', 'SW002', null, null, null, null),
('M000023', 'Master in Business Administration', 'MBA', 'SW003', 55400, null, null, null),
('M000130', 'Master in Business Administration', 'MBA', 'SW004', 39100, null, null, null),
('M000467', 'Master in Business Administration', 'MBA', 'SW005', 1408, null, null, null),
('M000468', 'Master in Business Administration', 'MBA', 'SW006', null, null, null, null),
('M000469', 'Master in Business Administration', 'MBA', 'SX001', 799, null, null, null),
('M000010', 'Master in Business Administration', 'MBA', 'SY001', 64200, null, null, null),
('M000470', 'Master in Business Administration', 'MBA', 'SY002', null, null, null, null),
('M000471', 'Master in Business Administration', 'MBA', 'SY003', null, null, null, null)






--sclrank


INSERT INTO Study4U_sclrank VALUES
('WSJ', '2018', '1', 'SH001'),
('WSJ', '2018', '2', 'SC020'),
('WSJ', '2018', '3', 'SS008'),
('WSJ', '2018', '3', 'SM001'),
('WSJ', '2018', '5', 'SD004'),
('WSJ', '2018', '6', 'SY001'),
('WSJ', '2018', '7', 'SC001'),
('WSJ', '2018', '8', 'SUP01'),
('WSJ', '2018', '9', 'SP003'),
('WSJ', '2018', '10', 'SC021'),
('WSJ', '2018', '11', 'SW003'),
('WSJ', '2018', '11', 'SUC10'),
('WSJ', '2018', '11', 'SB014'),
('WSJ', '2018', '14', 'SR002'),
('WSJ', '2018', '15', 'SUS05'),
('WSJ', '2018', '15', 'SN007'),
('WSJ', '2018', '17', 'SJ001'),
('WSJ', '2018', '17', 'SD001'),
('WSJ', '2018', '19', 'SE001'),
('WSJ', '2018', '20', 'SC003'),
('WSJ', '2018', '21', 'SV001'),
('WSJ', '2018', '24', 'SUN04'),
('WSJ', '2018', '25', 'SUC04'),
('WSJ', '2018', '27', 'SUM06'),
('WSJ', '2018', '29', 'SN002'),
('WSJ', '2018', '31', 'SG004'),
('WSJ', '2018', '32', 'ST010'),
('WSJ', '2018', '33', 'SUN03'),
('WSJ', '2018', '34', 'SC004'),
('WSJ', '2018', '40', 'SUC02'),
('WSJ', '2018', '40', 'SB010'),
('WSJ', '2018', '43', 'SP004'),
('WSJ', '2018', '44', 'SUM05'),
('WSJ', '2018', '46', 'SUC03'),
('WSJ', '2018', '47', 'SUC06'),
('WSJ', '2018', '48', 'SUI02'),
('WSJ', '2018', '51', 'SUR01'),
('WSJ', '2018', '52', 'SW001'),
('WSJ', '2018', '53', 'SG006'),
('WSJ', '2018', '56', 'SUV01'),
('WSJ', '2018', '56', 'SUT03'),
('WSJ', '2018', '58', 'SUF01'),
('WSJ', '2018', '60', 'SB009'),
('WSJ', '2018', '64', 'SG003'),
('WSJ', '2018', '66', 'SN005'),
('WSJ', '2018', '69', 'SO001'),
('WSJ', '2018', '71', 'SUW09'),
('WSJ', '2018', '71', 'ST011'),
('WSJ', '2018', '75', 'SUP02'),
('WSJ', '2018', '80', 'SM003'),
('WSJ', '2018', '81', 'SS006'),
('WSJ', '2018', '82', 'SUM02'),
('WSJ', '2018', '83', 'SW005'),
('WSJ', '2018', '84', 'SD003'),
('WSJ', '2018', '87', 'SR001'),
('WSJ', '2018', '87', 'SB012'),
('WSJ', '2018', '89', 'SUW01'),
('WSJ', '2018', '93', 'ST002'),
('WSJ', '2018', '96', 'SUD02'),
('WSJ', '2018', '98', 'SB007'),
('WSJ', '2018', '99', 'SUC07'),
('WSJ', '2018', '100', 'SC018'),
('WSJ', '2018', '104', 'SH003'),
('WSJ', '2018', '105', 'SUC15'),
('WSJ', '2018', '108', 'SS012'),
('WSJ', '2018', '111', 'SUI01'),
('WSJ', '2018', '119', 'SY002'),
('WSJ', '2018', '120', 'SV002'),
('WSJ', '2018', '122', 'SU002'),
('WSJ', '2018', '123', 'SV004'),
('WSJ', '2018', '123', 'SB001'),
('WSJ', '2018', '125', 'SP001'),
('WSJ', '2018', '125', 'SH004'),
('WSJ', '2018', '130', 'SS009'),
('WSJ', '2018', '130', 'SR004'),
('WSJ', '2018', '134', 'SC022'),
('WSJ', '2018', '136', 'SW004'),
('WSJ', '2018', '137', 'SN003'),
('WSJ', '2018', '138', 'SH005'),
('WSJ', '2018', '139', 'SUC01'),
('WSJ', '2018', '141', 'SA003'),
('WSJ', '2018', '145', 'SUI03'),
('WSJ', '2018', '147', 'SR007'),
('WSJ', '2018', '152', 'SC011'),
('WSJ', '2018', '155', 'SUM03'),
('WSJ', '2018', '155', 'SP002'),
('WSJ', '2018', '160', 'ST001'),
('WSJ', '2018', '164', 'SUS01'),
('WSJ', '2018', '168', 'SS004'),
('WSJ', '2018', '170', 'SUT06'),
('WSJ', '2018', '174', 'SUC14'),
('WSJ', '2018', '177', 'SC006'),
('WSJ', '2018', '179', 'SUA02'),
('WSJ', '2018', '179', 'ST004'),
('WSJ', '2018', '188', 'SC013'),
('WSJ', '2018', '188', 'SB003'),
('WSJ', '2018', '196', 'SB008'),
('WSJ', '2018', '198', 'SC005'),
('WSJ', '2018', '198', 'SA001'),
('WSJ', '2018', '212', 'SF003'),
('WSJ', '2018', '220', 'SX001'),
('WSJ', '2018', '220', 'SUS02'),
('WSJ', '2018', '228', 'SW002'),
('WSJ', '2018', '233', 'SG008'),
('WSJ', '2018', '239', 'SC010'),
('WSJ', '2018', '241', 'SUC13'),
('WSJ', '2018', '249', 'SD005'),
('WSJ', '2018', '255', 'SUO01'),
('WSJ', '2018', '255', 'SF002'),
('WSJ', '2018', '257', 'SH002'),
('WSJ', '2018', '261', 'SUG01'),
('WSJ', '2018', '262', 'SUK01'),
('WSJ', '2018', '268', 'SUS03'),
('WSJ', '2018', '272', 'SUC05'),
('WSJ', '2018', '274', 'SG001'),
('WSJ', '2018', '281', 'SD002'),
('WSJ', '2018', '284', 'SS011'),
('WSJ', '2018', '286', 'SUO02'),
('WSJ', '2018', '286', 'SUC08'),
('WSJ', '2018', '292', 'SL001'),
('WSJ', '2018', '292', 'SH007'),
('WSJ', '2018', '306', 'SO002'),
('WSJ', '2018', '306', 'SA004'),
('WSJ', '2018', '312', 'SUU01'),
('WSJ', '2018', '319', 'SC019'),
('WSJ', '2018', '322', 'SS001'),
('WSJ', '2018', '328', 'SUC11'),
('WSJ', '2018', '330', 'SUM09'),
('WSJ', '2018', '345', 'SB013'),
('WSJ', '2018', '357', 'SUM01'),
('WSJ', '2018', '360', 'SUK02'),
('WSJ', '2018', '377', 'SS003'),
('WSJ', '2018', '390', 'SUH01'),
('WSJ', '2018', '390', 'SR005'),
('WSJ', '2018', '406', 'SV003'),
('WSJ', '2018', '406', 'SUL01'),
('WSJ', '2018', '437', 'SUS04'),
('WSJ', '2018', '458', 'SUN02'),
('WSJ', '2018', '460', 'SUT04'),
('WSJ', '2018', '464', 'SUA01'),
('WSJ', '2018', '467', 'SUN01'),
('WSJ', '2018', '482', 'SUC09'),
('WSJ', '2018', '489', 'SB005'),
('WSJ', '2018', '495', 'ST005'),
('QS', '2018', '1', 'SM001'),
('QS', '2018', '2', 'SS008'),
('QS', '2018', '3', 'SH001'),
('QS', '2018', '4', 'SC001'),
('QS', '2018', '5', 'SUC10'),
('QS', '2018', '6', 'SP003'),
('QS', '2018', '7', 'SC021'),
('QS', '2018', '8', 'SY001'),
('QS', '2018', '9', 'SJ001'),
('QS', '2018', '10', 'SC020'),
('QS', '2018', '11', 'SUP01'),
('QS', '2018', '12', 'SUM06'),
('QS', '2018', '13', 'SD004'),
('QS', '2018', '14', 'SUC02'),
('QS', '2018', '15', 'SN007'),
('QS', '2018', '16', 'SUC04'),
('QS', '2018', '17', 'SUC06'),
('QS', '2018', '18', 'SC003'),
('QS', '2018', '19', 'SN002'),
('QS', '2018', '20', 'SB014'),
('QS', '2018', '21', 'SUW09'),
('QS', '2018', '22', 'SUW01'),
('QS', '2018', '23', 'SUT03'),
('QS', '2018', '24', 'SUI02'),
('QS', '2018', '25', 'SG006'),
('QS', '2018', '26', 'SUN03'),
('QS', '2018', '27', 'SB010'),
('QS', '2018', '28', 'SO001'),
('QS', '2018', '29', 'SR002'),
('QS', '2018', '30', 'SP001'),
('QS', '2018', '31', 'SW003'),
('QS', '2018', '32', 'SP004'),
('QS', '2018', '33', 'SUC03'),
('QS', '2018', '34', 'SUM02'),
('QS', '2018', '35', 'SUS05'),
('QS', '2018', '36', 'SUC07'),
('QS', '2018', '37', 'SUP02'),
('QS', '2018', '38', 'SE001'),
('QS', '2018', '39', 'SM003'),
('QS', '2018', '40', 'SUM08'),
('QS', '2018', '41', 'SUC01'),
('QS', '2018', '42', 'SD001'),
('QS', '2018', '43', 'SUV01'),
('QS', '2018', '44', 'SUF01'),
('QS', '2018', '45', 'SUC14'),
('QS', '2018', '46', 'SUR01'),
('QS', '2018', '47', 'ST002'),
('QS', '2018', '48', 'SUI01'),
('QS', '2018', '49', 'SA003'),
('QS', '2018', '50', 'SV001'),
('QS', '2018', '51', 'SC004'),
('QS', '2018', '52', 'SUN04'),
('QS', '2018', '53', 'SG004'),
('QS', '2018', '54', 'SUA02'),
('QS', '2018', '55', 'ST010'),
('QS', '2018', '56', 'SUM03'),
('QS', '2018', '57', 'SUM05'),
('QS', '2018', '58', 'SN003'),
('QS', '2018', '60', 'SUC08'),
('QS', '2018', '61', 'SH006'),
('QS', '2018', '62', 'SU002'),
('QS', '2018', '63', 'SUC05'),
('QS', '2018', '65', 'SB009'),
('QS', '2018', '67', 'SN005'),
('QS', '2018', '68', 'SG003'),
('QS', '2018', '69', 'SR001'),
('QS', '2018', '70', 'SV004'),
('QS', '2018', '71', 'SS010'),
('QS', '2018', '72', 'SUK01'),
('QS', '2018', '73', 'SUU01'),
('QS', '2018', '74', 'SUC13'),
('QS', '2018', '75', 'SH004'),
('QS', '2018', '76', 'SW002'),
('QS', '2018', '77', 'SB012'),
('QS', '2018', '78', 'SW001'),
('QS', '2018', '79', 'SUG01'),
('QS', '2018', '80', 'SUC15'),
('QS', '2018', '81', 'SUD01'),
('QS', '2018', '82', 'SUI03'),
('QS', '2018', '83', 'SUT04'),
('QS', '2018', '84', 'SF002'),
('QS', '2018', '85', 'SO002'),
('QS', '2018', '86', 'ST011'),
('QS', '2018', '87', 'SUT02'),
('QS', '2018', '88', 'SUN02'),
('QS', '2018', '90', 'SA001'),
('QS', '2018', '91', 'SH007'),
('QS', '2018', '92', 'SC019'),
('QS', '2018', '93', 'SUM01'),
('QS', '2018', '94', 'SC007'),
('QS', '2018', '95', 'SC010'),
('QS', '2018', '96', 'SD003'),
('QS', '2018', '98', 'SS012'),
('QS', '2018', '99', 'SUC11'),
('QS', '2018', '100', 'SUN01'),
('QS', '2018', '101', 'SUO01'),
('QS', '2018', '102', 'SUS04'),
('QS', '2018', '103', 'SC018'),
('QS', '2018', '104', 'SH003'),
('QS', '2018', '106', 'SUK02'),
('QS', '2018', '107', 'SUO02'),
('QS', '2018', '109', 'SH005'),
('QS', '2018', '111', 'SUH01'),
('QS', '2018', '112', 'SUM04'),
('QS', '2018', '113', 'SUM09'),
('QS', '2018', '114', 'SUS03'),
('QS', '2018', '115', 'SC011'),
('QS', '2018', '116', 'SL002'),
('QS', '2018', '117', 'SM004'),
('QS', '2018', '118', 'SR007'),
('QS', '2018', '119', 'SS009'),
('QS', '2018', '120', 'ST001'),
('QS', '2018', '121', 'SU001'),
('QS', '2018', '122', 'SUA01'),
('QS', '2018', '123', 'SV003'),
('QS', '2018', '124', 'SW005'),
('QS', '2018', '125', 'SC013'),
('QS', '2018', '127', 'SS006'),
('QS', '2018', '128', 'ST005'),
('QS', '2018', '129', 'SUC09'),
('QS', '2018', '130', 'SUD02'),
('QS', '2018', '132', 'SB013'),
('QS', '2018', '134', 'SG007'),
('QS', '2018', '138', 'SUT06'),
('QS', '2018', '139', 'SA004'),
('QS', '2018', '140', 'SB003'),
('QS', '2018', '141', 'SB008'),
('QS', '2018', '142', 'SF003'),
('QS', '2018', '143', 'SG001'),
('QS', '2018', '150', 'SS003'),
('QS', '2018', '151', 'SUA03'),
('QS', '2018', '154', 'SUS01'),
('QS', '2018', '155', 'SUS02'),
('QS', '2018', '157', 'SU003')




--PrglRankedAs

INSERT INTO Study4U_prgrank VALUES
('QS', '2018', '1', 'A000004'),
('QS', '2018', '2', 'A000024'),
('QS', '2018', '3', 'A000011'),
('QS', '2018', '4', 'A000031'),
('QS', '2018', '8', 'A000032'),
('QS', '2018', '9', 'A000030'),
('QS', '2018', '11', 'A000049'),
('QS', '2018', '12', 'A000020'),
('QS', '2018', '13', 'A000028'),
('QS', '2018', '14', 'A000007'),
('QS', '2018', '15', 'A000023'),
('QS', '2018', '17', 'A000050'),
('QS', '2018', '18', 'A000048'),
('QS', '2018', '18', 'A000039'),
('QS', '2018', '21', 'A000006'),
('QS', '2018', '22', 'A000027'),
('QS', '2018', '23', 'A000041'),
('QS', '2018', '24', 'A000019'),
('QS', '2018', '26', 'A000034'),
('QS', '2018', '28', 'A000013'),
('QS', '2018', '30', 'A000047'),
('QS', '2018', '31', 'A000017'),
('QS', '2018', '36', 'A000054'),
('QS', '2018', '37', 'A000025'),
('QS', '2018', '38', 'A000014'),
('QS', '2018', '39', 'A000055'),
('QS', '2018', '41', 'A000052'),
('QS', '2018', '1', 'M000001'),
('QS', '2018', '2', 'M000006'),
('QS', '2018', '3', 'M000002'),
('QS', '2018', '4', 'M000004'),
('QS', '2018', '5', 'M000009'),
('QS', '2018', '6', 'M000007'),
('QS', '2018', '7', 'M000003'),
('QS', '2018', '8', 'M000015'),
('QS', '2018', '9', 'M000005'),
('QS', '2018', '10', 'M000011'),
('QS', '2018', '11', 'M000010'),
('QS', '2018', '12', 'M000013'),
('QS', '2018', '13', 'M000012'),
('QS', '2018', '14', 'M000017'),
('QS', '2018', '15', 'M000045'),
('QS', '2018', '16', 'M000022'),
('QS', '2018', '17', 'M000019'),
('QS', '2018', '18', 'M000016'),
('QS', '2018', '19', 'M000024'),
('QS', '2018', '20', 'M000008'),
('QS', '2018', '21', 'M000014'),
('QS', '2018', '22', 'M000037'),
('QS', '2018', '23', 'M000041'),
('QS', '2018', '24', 'M000018'),
('QS', '2018', '25', 'M000020'),
('QS', '2018', '26', 'M000029'),
('QS', '2018', '27', 'M000068'),
('QS', '2018', '28', 'M000040'),
('QS', '2018', '29', 'M000027'),
('QS', '2018', '30', 'M000021'),
('QS', '2018', '31', 'M000050'),
('QS', '2018', '32', 'M000028'),
('QS', '2018', '33', 'M000026'),
('QS', '2018', '34', 'M000033'),
('QS', '2018', '35', 'M000036'),
('QS', '2018', '36', 'M000025'),
('QS', '2018', '37', 'M000038'),
('QS', '2018', '38', 'M000030'),
('QS', '2018', '39', 'M000042'),
('QS', '2018', '40', 'M000023'),
('QS', '2018', '41', 'M000035'),
('QS', '2018', '42', 'M000031'),
('QS', '2018', '43', 'M000047'),
('QS', '2018', '45', 'M000048'),
('QS', '2018', '46', 'M000054'),
('QS', '2018', '47', 'M000200'),
('QS', '2018', '48', 'M000072'),
('QS', '2018', '48', 'M000051'),
('QS', '2018', '48', 'M000052'),
('QS', '2018', '48', 'M000046'),
('QS', '2018', '48', 'M000061'),
('QS', '2018', '53', 'M000095'),
('QS', '2018', '53', 'M000044'),
('QS', '2018', '53', 'M000077'),
('QS', '2018', '53', 'M000059'),
('QS', '2018', '53', 'M000071'),
('QS', '2018', '58', 'M000067'),
('QS', '2018', '58', 'M000066'),
('QS', '2018', '58', 'M000043'),
('QS', '2018', '61', 'M000064'),
('QS', '2018', '61', 'M000053'),
('QS', '2018', '61', 'M000126'),
('QS', '2018', '61', 'M000057'),
('QS', '2018', '65', 'M000125'),
('QS', '2018', '65', 'M000032'),
('QS', '2018', '65', 'M000070'),
('QS', '2018', '68', 'M000049'),
('QS', '2018', '68', 'M000082'),
('QS', '2018', '68', 'M000141'),
('QS', '2018', '68', 'M000034'),
('QS', '2018', '68', 'M000079'),
('QS', '2018', '68', 'M000080'),
('QS', '2018', '68', 'M000121'),
('QS', '2018', '68', 'M000092'),
('QS', '2018', '68', 'M000087'),
('QS', '2018', '68', 'M000094'),
('QS', '2018', '68', 'M000069'),
('QS', '2018', '68', 'M000124'),
('QS', '2018', '68', 'M000115'),
('QS', '2018', '68', 'M000088'),
('QS', '2018', '68', 'M000344'),
('QS', '2018', '68', 'M000073'),
('QS', '2018', '68', 'M000128'),
('QS', '2018', '68', 'M000081'),
('QS', '2018', '68', 'M000062'),
('QS', '2018', '68', 'M000130'),
('QS', '2018', '88', 'M000055'),
('QS', '2018', '88', 'M000075'),
('QS', '2018', '88', 'M000147'),
('QS', '2018', '88', 'M000099'),
('QS', '2018', '88', 'M000101'),
('QS', '2018', '88', 'M000205'),
('QS', '2018', '88', 'M000105'),
('QS', '2018', '88', 'M000106'),
('QS', '2018', '88', 'M000085'),
('QS', '2018', '88', 'M000112'),
('QS', '2018', '88', 'M000090'),
('QS', '2018', '88', 'M000093'),
('QS', '2018', '88', 'M000117'),
('QS', '2018', '88', 'M000417'),
('QS', '2018', '88', 'M000060'),
('QS', '2018', '88', 'M000091'),
('QS', '2017', '1', 'S000070'),
('QS', '2017', '2', 'S000071'),
('QS', '2017', '3', 'S000006'),
('QS', '2017', '4', 'S000005'),
('QS', '2017', '6', 'S000072'),
('QS', '2017', '8', 'S000073'),
('QS', '2017', '13', 'S000010'),
('QS', '2017', '16', 'S000024'),
('QS', '2017', '21', 'S000002'),
('QS', '2017', '26', 'S000023'),
('QS', '2017', '27', 'S000075'),
('QS', '2017', '28', 'S000074'),
('QS', '2017', '29', 'S000076'),
('QS', '2017', '30', 'S000018'),
('QS', '2017', '32', 'S000014'),
('QS', '2017', '34', 'S000077'),
('QS', '2017', '39', 'S000078'),
('QS', '2017', '44', 'S000079'),
('QS', '2017', '46', 'S000011'),
('QS', '2017', '47', 'S000031'),
('QS', '2017', '50', 'S000134'),
('QS', '2017', '51', 'S000001'),
('QS', '2017', '51', 'S000017'),
('QS', '2017', '51', 'S000036'),
('QS', '2017', '51', 'S000081'),
('QS', '2017', '51', 'S000087'),
('QS', '2017', '51', 'S000082'),
('QS', '2017', '51', 'S000080'),
('QS', '2017', '51', 'S000084'),
('QS', '2017', '51', 'S000083'),
('QS', '2017', '101', 'S000013'),
('QS', '2017', '101', 'S000041'),
('QS', '2017', '101', 'S000086'),
('QS', '2017', '101', 'S000088'),
('QS', '2017', '101', 'S000089'),
('QS', '2017', '101', 'S000095'),
('QS', '2017', '101', 'S000085'),
('QS', '2017', '101', 'S000092'),
('QS', '2017', '101', 'S000022'),
('QS', '2017', '151', 'S000038'),
('QS', '2017', '151', 'S000061'),
('QS', '2017', '151', 'S000064'),
('QS', '2017', '151', 'S000091'),
('QS', '2017', '151', 'S000096'),
('QS', '2017', '151', 'S000094'),
('QS', '2017', '151', 'S000090'),
('QS', '2017', '201', 'S000019'),
('QS', '2017', '201', 'S000034'),
('QS', '2017', '201', 'S000054'),
('QS', '2017', '201', 'S000037'),
('QS', '2017', '201', 'S000057'),
('QS', '2017', '201', 'S000098'),
('QS', '2017', '251', 'S000020'),
('QS', '2017', '251', 'S000099'),
('QS', '2017', '251', 'S000100'),
('QS', '2017', '251', 'S000106'),
('QS', '2017', '251', 'S000104'),
('QS', '2017', '251', 'S000102'),
('QS', '2017', '301', 'S000051'),
('QS', '2017', '301', 'S000059'),
('QS', '2017', '301', 'S000107'),
('QS', '2017', '301', 'S000114'),
('QS', '2017', '301', 'S000053'),
('QS', '2017', '301', 'S000065'),
('QS', '2017', '351', 'S000016'),
('QS', '2017', '351', 'S000021'),
('QS', '2017', '351', 'S000030'),
('QS', '2017', '351', 'S000050'),
('QS', '2017', '351', 'S000120'),
('QS', '2017', '351', 'S000110'),
('QS', '2017', '351', 'S000109'),
('QS', '2017', '351', 'S000105'),
('QS', '2017', '351', 'S000111'),
('QS', '2017', '351', 'S000113'),
('QS', '2017', '401', 'S000046'),
('QS', '2017', '401', 'S000122'),
('QS', '2017', '401', 'S000123'),
('QS', '2017', '401', 'S000117'),
('QS', '2017', '401', 'S000125'),
('QS', '2017', '401', 'S000127'),
('QS', '2017', '451', 'S000029'),
('QS', '2017', '451', 'S000066'),
('QS', '2017', '451', 'S000131'),
('QS', '2017', '451', 'S000132'),
('QS', '2017', '451', 'S000133'),
('QS', '2017', '451', 'S000128'),
('QS', '2017', '451', 'S000129'),
('QS', '2017', '451', 'S000130'),
('QS', '2017', '451', 'S000118'),
('QS', '2017', '451', 'S000121'),
('QS', '2017', '451', 'S000124'),
('QS', '2017', '451', 'S000126'),
('QS', '2016', '1', 'S000070'),
('QS', '2016', '2', 'S000071'),
('QS', '2016', '4', 'S000072'),
('QS', '2016', '5', 'S000006'),
('QS', '2016', '7', 'S000005'),
('QS', '2016', '10', 'S000073'),
('QS', '2016', '16', 'S000010'),
('QS', '2016', '25', 'S000074'),
('QS', '2016', '26', 'S000002'),
('QS', '2016', '28', 'S000024'),
('QS', '2016', '28', 'S000075'),
('QS', '2016', '30', 'S000018'),
('QS', '2016', '31', 'S000076'),
('QS', '2016', '34', 'S000023'),
('QS', '2016', '38', 'S000077'),
('QS', '2016', '39', 'S000078'),
('QS', '2016', '42', 'S000014'),
('QS', '2016', '44', 'S000079'),
('QS', '2016', '47', 'S000011'),
('QS', '2016', '48', 'S000080'),
('QS', '2016', '51', 'S000001'),
('QS', '2016', '51', 'S000031'),
('QS', '2016', '51', 'S000036'),
('QS', '2016', '51', 'S000081'),
('QS', '2016', '51', 'S000082'),
('QS', '2016', '51', 'S000083'),
('QS', '2016', '51', 'S000084'),
('QS', '2016', '101', 'S000013'),
('QS', '2016', '101', 'S000017'),
('QS', '2016', '101', 'S000041'),
('QS', '2016', '101', 'S000085'),
('QS', '2016', '101', 'S000086'),
('QS', '2016', '101', 'S000087'),
('QS', '2016', '101', 'S000088'),
('QS', '2016', '101', 'S000089'),
('QS', '2016', '101', 'S000090'),
('QS', '2016', '151', 'S000038'),
('QS', '2016', '151', 'S000091'),
('QS', '2016', '151', 'S000092'),
('QS', '2016', '151', 'S000022'),
('QS', '2016', '151', 'S000094'),
('QS', '2016', '151', 'S000095'),
('QS', '2016', '151', 'S000096'),
('QS', '2016', '201', 'S000019'),
('QS', '2016', '201', 'S000034'),
('QS', '2016', '201', 'S000054'),
('QS', '2016', '201', 'S000061'),
('QS', '2016', '201', 'S000064'),
('QS', '2016', '201', 'S000037'),
('QS', '2016', '201', 'S000098'),
('QS', '2016', '251', 'S000020'),
('QS', '2016', '251', 'S000099'),
('QS', '2016', '251', 'S000100'),
('QS', '2016', '251', 'S000057'),
('QS', '2016', '251', 'S000102'),
('QS', '2016', '251', 'S000065'),
('QS', '2016', '251', 'S000104'),
('QS', '2016', '301', 'S000050'),
('QS', '2016', '301', 'S000105'),
('QS', '2016', '301', 'S000106'),
('QS', '2016', '301', 'S000107'),
('QS', '2016', '301', 'S000053'),
('QS', '2016', '351', 'S000021'),
('QS', '2016', '351', 'S000051'),
('QS', '2016', '351', 'S000059'),
('QS', '2016', '351', 'S000109'),
('QS', '2016', '351', 'S000110'),
('QS', '2016', '351', 'S000111'),
('QS', '2016', '351', 'S000112'),
('QS', '2016', '351', 'S000113'),
('QS', '2016', '351', 'S000114'),
('QS', '2016', '401', 'S000016'),
('QS', '2016', '401', 'S000029'),
('QS', '2016', '401', 'S000030'),
('QS', '2016', '401', 'S000066'),
('QS', '2016', '401', 'S000115'),
('QS', '2016', '401', 'S000116'),
('QS', '2016', '401', 'S000117'),
('QS', '2016', '401', 'S000118'),
('QS', '2016', '401', 'S000119'),
('QS', '2016', '401', 'S000120'),
('QS', '2016', '401', 'S000121'),
('QS', '2016', '401', 'S000122'),
('QS', '2016', '401', 'S000123'),
('QS', '2016', '401', 'S000124'),
('QS', '2016', '401', 'S000125'),
('QS', '2016', '401', 'S000126'),
('QS', '2016', '401', 'S000127'),
('QS', '2016', '401', 'S000128'),
('US', '2017', '1', 'M000001'),
('US', '2017', '1', 'M000002'),
('US', '2017', '3', 'M000003'),
('US', '2017', '4', 'M000004'),
('US', '2017', '4', 'M000005'),
('US', '2017', '4', 'M000006'),
('US', '2017', '7', 'M000007'),
('US', '2017', '8', 'M000008'),
('US', '2017', '9', 'M000009'),
('US', '2017', '9', 'M000010'),
('US', '2017', '11', 'M000011'),
('US', '2017', '12', 'M000012'),
('US', '2017', '12', 'M000013'),
('US', '2017', '14', 'M000014'),
('US', '2017', '15', 'M000015'),
('US', '2017', '16', 'M000016'),
('US', '2017', '17', 'M000017'),
('US', '2017', '18', 'M000018'),
('US', '2017', '19', 'M000019'),
('US', '2017', '20', 'M000020'),
('US', '2017', '21', 'M000021'),
('US', '2017', '21', 'M000022'),
('US', '2017', '21', 'M000023'),
('US', '2017', '24', 'M000024'),
('US', '2017', '25', 'M000025'),
('US', '2017', '25', 'M000026'),
('US', '2017', '27', 'M000027'),
('US', '2017', '27', 'M000028'),
('US', '2017', '29', 'M000029'),
('US', '2017', '29', 'M000030'),
('US', '2017', '29', 'M000031'),
('US', '2017', '32', 'M000032'),
('US', '2017', '32', 'M000033'),
('US', '2017', '34', 'M000034'),
('US', '2017', '34', 'M000035'),
('US', '2017', '36', 'M000036'),
('US', '2017', '37', 'M000037'),
('US', '2017', '38', 'M000038'),
('US', '2017', '38', 'M000039'),
('US', '2017', '40', 'M000040'),
('US', '2017', '40', 'M000041'),
('US', '2017', '42', 'M000042'),
('US', '2017', '43', 'M000043'),
('US', '2017', '44', 'M000044'),
('US', '2017', '44', 'M000045'),
('US', '2017', '44', 'M000046'),
('US', '2017', '47', 'M000047'),
('US', '2017', '48', 'M000048'),
('US', '2017', '49', 'M000049'),
('US', '2017', '50', 'M000050'),
('US', '2017', '50', 'M000051'),
('US', '2017', '52', 'M000052'),
('US', '2017', '53', 'M000053'),
('US', '2017', '54', 'M000054'),
('US', '2017', '54', 'M000055'),
('US', '2017', '54', 'M000056'),
('US', '2017', '57', 'M000057'),
('US', '2017', '57', 'M000058'),
('US', '2017', '57', 'M000059'),
('US', '2017', '57', 'M000060'),
('US', '2017', '57', 'M000061'),
('US', '2017', '57', 'M000062'),
('US', '2017', '64', 'M000063'),
('US', '2017', '65', 'M000064'),
('US', '2017', '65', 'M000065'),
('US', '2017', '65', 'M000066'),
('US', '2017', '65', 'M000067'),
('US', '2017', '69', 'M000068'),
('US', '2017', '69', 'M000069'),
('US', '2017', '71', 'M000070'),
('US', '2017', '71', 'M000071'),
('US', '2017', '73', 'M000072'),
('US', '2017', '73', 'M000073'),
('US', '2017', '73', 'M000074'),
('US', '2017', '73', 'M000075'),
('US', '2017', '77', 'M000076'),
('US', '2017', '77', 'M000077'),
('US', '2017', '79', 'M000078'),
('US', '2017', '79', 'M000079'),
('US', '2017', '79', 'M000080'),
('US', '2017', '82', 'M000081'),
('US', '2017', '83', 'M000082'),
('US', '2017', '83', 'M000083'),
('US', '2017', '83', 'M000084'),
('US', '2017', '86', 'M000085'),
('US', '2017', '86', 'M000086'),
('US', '2017', '88', 'M000087'),
('US', '2017', '88', 'M000088'),
('US', '2017', '88', 'M000089'),
('US', '2017', '91', 'M000090'),
('US', '2017', '91', 'M000091'),
('US', '2017', '93', 'M000092'),
('US', '2017', '93', 'M000093'),
('US', '2017', '93', 'M000094'),
('US', '2017', '1', 'S000070'),
('US', '2017', '2', 'S000006'),
('US', '2017', '3', 'S000023'),
('US', '2017', '4', 'S000057'),
('US', '2017', '5', 'S000095'),
('US', '2017', '6', 'S000078'),
('US', '2017', '7', 'S000014'),
('US', '2017', '7', 'S000071'),
('US', '2017', '9', 'S000031'),
('US', '2017', '10', 'S000074'),
('US', '2017', '11', 'S000135'),
('US', '2017', '11', 'S000041'),
('TFE', '2018', '1', 'A000011'),
('TFE', '2018', '2', 'A000015'),
('TFE', '2018', '3', 'A000020'),
('TFE', '2018', '4', 'A000016'),
('TFE', '2018', '5', 'A000049'),
('TFE', '2018', '6', 'A000024'),
('TFE', '2018', '7', 'A000035'),
('TFE', '2018', '8', 'A000060'),
('TFE', '2018', '9', 'A000050'),
('TFE', '2018', '10', 'A000059'),
('TFE', '2018', '11', 'A000053'),
('TFE', '2018', '12', 'A000032'),
('TFE', '2018', '13', 'A000048'),
('TFE', '2018', '14', 'A000027'),
('TFE', '2018', '15', 'A000031'),
('TFE', '2018', '16', 'A000061'),
('TFE', '2018', '17', 'A000062'),
('TFE', '2018', '18', 'A000028'),
('TFE', '2018', '19', 'A000057'),
('TFE', '2018', '20', 'A000025'),
('TFE', '2018', '21', 'A000058'),
('TFE', '2018', '22', 'A000042'),
('TFE', '2018', '23', 'A000039'),
('TFE', '2018', '24', 'A000052'),
('TFE', '2018', '25', 'A000063'),
('TFE', '2018', '26', 'A000051'),
('TFE', '2018', '27', 'A000064'),
('TFE', '2018', '28', 'A000056'),
('TFE', '2018', '29', 'A000065'),
('TFE', '2018', '30', 'A000066'),
('TFE', '2018', '31', 'A000067'),
('TFE', '2018', '32', 'A000068'),
('TFE', '2018', '33', 'A000069'),
('TFE', '2018', '34', 'A000070'),
('Bloom', '2016', '1', 'M000001'),
('Bloom', '2016', '2', 'M000006'),
('Bloom', '2016', '3', 'M000012'),
('Bloom', '2016', '4', 'M000003'),
('Bloom', '2016', '5', 'M000008'),
('Bloom', '2016', '6', 'M000002'),
('Bloom', '2016', '7', 'M000004'),
('Bloom', '2016', '8', 'M000030'),
('Bloom', '2016', '9', 'M000005'),
('Bloom', '2016', '10', 'M000007'),
('Bloom', '2016', '11', 'M000009'),
('Bloom', '2016', '12', 'M000014'),
('Bloom', '2016', '13', 'M000011'),
('Bloom', '2016', '14', 'M000010'),
('Bloom', '2016', '15', 'M000019'),
('Bloom', '2016', '16', 'M000016'),
('Bloom', '2016', '17', 'M000013'),
('Bloom', '2016', '18', 'M000038'),
('Bloom', '2016', '19', 'M000028'),
('Bloom', '2016', '20', 'M000020'),
('Bloom', '2016', '21', 'M000017'),
('Bloom', '2016', '22', 'M000015'),
('Bloom', '2016', '23', 'M000034'),
('Bloom', '2016', '24', 'M000018'),
('Bloom', '2016', '25', 'M000031'),
('Bloom', '2016', '26', 'M000022'),
('Bloom', '2016', '27', 'M000037'),
('Bloom', '2016', '28', 'M000029'),
('Bloom', '2016', '29', 'M000039'),
('Bloom', '2016', '30', 'M000043'),
('Bloom', '2016', '31', 'M000052'),
('Bloom', '2016', '32', 'M000026'),
('Bloom', '2016', '33', 'M000047'),
('Bloom', '2016', '34', 'M000021'),
('Bloom', '2016', '35', 'M000063'),
('Bloom', '2016', '36', 'M000023'),
('Bloom', '2016', '37', 'M000036'),
('Bloom', '2016', '38', 'M000024'),
('Bloom', '2016', '39', 'M000033'),
('Bloom', '2016', '40', 'M000035'),
('Bloom', '2016', '41', 'M000027'),
('Bloom', '2016', '42', 'M000050'),
('Bloom', '2016', '43', 'M000095'),
('Bloom', '2016', '44', 'M000041'),
('Bloom', '2016', '45', 'M000200'),
('Bloom', '2016', '46', 'M000040'),
('Bloom', '2016', '47', 'M000074'),
('Bloom', '2016', '48', 'M000044'),
('Bloom', '2016', '49', 'M000025'),
('Bloom', '2016', '50', 'M000045'),
('Bloom', '2016', '51', 'M000057'),
('Bloom', '2016', '52', 'M000051'),
('Bloom', '2016', '53', 'M000053'),
('Bloom', '2016', '54', 'M000046'),
('Bloom', '2016', '55', 'M000084'),
('Bloom', '2016', '56', 'M000070'),
('Bloom', '2016', '58', 'M000106'),
('Bloom', '2016', '59', 'M000072'),
('Bloom', '2016', '60', 'M000064'),
('Bloom', '2016', '61', 'M000068'),
('Bloom', '2016', '62', 'M000071'),
('Bloom', '2016', '63', 'M000067'),
('Bloom', '2016', '64', 'M000054'),
('Bloom', '2016', '65', 'M000048'),
('Bloom', '2016', '66', 'M000062'),
('Bloom', '2016', '67', 'M000049'),
('Bloom', '2016', '69', 'M000059'),
('Bloom', '2016', '70', 'M000079'),
('Bloom', '2016', '71', 'M000088'),
('Bloom', '2016', '72', 'M000081'),
('Bloom', '2016', '73', 'M000073'),
('Bloom', '2016', '74', 'M000077'),
('Bloom', '2016', '75', 'M000094'),
('Bloom', '2016', '76', 'M000130'),
('Bloom', '2016', '77', 'M000344'),
('Bloom', '2016', '78', 'M000417'),
('Bloom', '2016', '79', 'M000069'),
('Bloom', '2016', '80', 'M000085'),
('Bloom', '2016', '81', 'M000080'),
('Bloom', '2016', '82', 'M000099'),
('Bloom', '2016', '83', 'M000125'),
('Bloom', '2016', '84', 'M000066'),
('Bloom', '2016', '85', 'M000124'),
('Bloom', '2016', '86', 'M000115'),
('Bloom', '2016', '87', 'M000121')
